TDB_000007993,2024-09-19 22:16:18,TDB_CUST_5214938,TSLA,BUY,1,638.02
TDB_000007994,2024-09-19 22:16:18,TDB_CUST_5214938,TSLA,BUY,1,638.02
TDB_000007995,2024-09-19 22:16:18,TDB_CUST_5214938,TSLA,BUY,1,638.02
TDB_000007996,2024-09-19 22:16:18,TDB_CUST_5214938,TSLA,BUY,1,638.02
TDB_000007997,2024-09-19 22:16:18,TDB_CUST_5214938,TSLA,BUY,1,638.02
TDB_000007998,2024-09-19 22:16:18,TDB_CUST_5214938,TSLA,BUY,1,638.02
TDB_000007999,2024-09-19 22:16:18,TDB_CUST_5214938,TSLA,BUY,1,638.02
TDB_000008000,2024-09-19 22:16:18,TDB_CUST_5214938,TSLA,BUY,1,638.02
TDB_000008001,2024-09-19 22:16:18,TDB_CUST_5214938,TSLA,BUY,1,638.02
TDB_000008002,2024-09-19 22:16:18,TDB_CUST_5214938,TSLA,BUY,1,638.02
TDB_000008003,2024-09-19 22:16:18,TDB_CUST_5214938,TSLA,BUY,1,638.02
TDB_000008004,2024-09-19 22:16:18,TDB_CUST_5214938,TSLA,BUY,1,638.02
TDB_000008005,2024-09-19 22:16:18,TDB_CUST_5214938,TSLA,BUY,1,638.02
TDB_000008006,2024-09-19 22:16:18,TDB_CUST_5214938,TSLA,BUY,1,638.02
TDB_000008007,2024-09-19 22:16:18,TDB_CUST_5214938,TSLA,BUY,1,638.02
TDB_000008008,2024-09-19 22:16:18,TDB_CUST_5214938,TSLA,BUY,1,638.02
TDB_000008009,2024-09-19 22:16:18,TDB_CUST_5214938,TSLA,BUY,1,638.02
TDB_000008010,2024-09-19 22:16:18,TDB_CUST_5214938,TSLA,BUY,1,638.02
TDB_000008011,2024-09-19 22:16:18,TDB_CUST_5214938,TSLA,BUY,1,638.02
TDB_000008012,2024-09-19 22:16:18,TDB_CUST_5214938,TSLA,BUY,1,638.02
TDB_000008013,2024-09-19 22:16:18,TDB_CUST_5214938,TSLA,BUY,1,638.02
TDB_000008014,2024-09-19 22:16:18,TDB_CUST_5214938,TSLA,BUY,1,638.02
TDB_000008015,2024-09-19 22:16:18,TDB_CUST_5214938,TSLA,BUY,1,638.02
TDB_000008016,2024-09-19 22:16:18,TDB_CUST_5214938,TSLA,BUY,1,638.02
TDB_000008017,2024-09-19 22:16:18,TDB_CUST_5214938,TSLA,BUY,1,638.02
TDB_000008018,2024-09-19 22:16:18,TDB_CUST_5214938,TSLA,BUY,1,638.02
TDB_000008019,2024-09-19 22:16:18,TDB_CUST_5214938,TSLA,BUY,1,638.02
TDB_000008020,2024-09-19 22:16:18,TDB_CUST_5214938,TSLA,BUY,1,638.02
TDB_000008021,2024-09-19 22:16:18,TDB_CUST_5214938,TSLA,BUY,1,638.02
TDB_000008022,2024-09-19 22:16:18,TDB_CUST_5214938,TSLA,BUY,1,638.02
TDB_000008023,2024-09-19 22:16:18,TDB_CUST_5214938,TSLA,BUY,1,638.02
TDB_000008024,2024-09-19 22:16:18,TDB_CUST_5214938,TSLA,BUY,1,638.02
TDB_000008025,2024-09-19 22:16:18,TDB_CUST_5214938,TSLA,BUY,1,638.02
TDB_000008026,2024-09-19 22:16:18,TDB_CUST_5214938,TSLA,BUY,1,638.02
TDB_000008027,2024-09-19 22:16:18,TDB_CUST_5214938,TSLA,BUY,1,638.02
TDB_000008028,2024-09-19 22:16:18,TDB_CUST_5214938,TSLA,BUY,1,638.02
TDB_000008029,2024-09-19 22:16:18,TDB_CUST_5214938,TSLA,BUY,1,638.02
TDB_000008030,2024-09-19 22:16:18,TDB_CUST_5214938,TSLA,BUY,1,638.02
TDB_000008031,2024-09-19 22:16:18,TDB_CUST_5214938,TSLA,BUY,1,638.02
TDB_000008032,2024-09-19 22:16:18,TDB_CUST_5214938,TSLA,BUY,1,638.02
TDB_000008033,2024-09-19 22:16:18,TDB_CUST_5214938,TSLA,BUY,1,638.02
TDB_000008034,2024-09-19 22:16:18,TDB_CUST_5214938,TSLA,BUY,1,638.02
TDB_000008035,2024-09-19 22:16:18,TDB_CUST_5214938,TSLA,BUY,1,638.02
TDB_000008036,2024-09-19 22:16:18,TDB_CUST_5214938,TSLA,BUY,1,638.02
TDB_000008037,2024-09-19 22:16:18,TDB_CUST_5214938,TSLA,BUY,1,638.02
TDB_000008038,2024-09-19 22:16:18,TDB_CUST_5214938,TSLA,BUY,1,638.02
TDB_000008039,2024-09-19 22:16:18,TDB_CUST_5214938,TSLA,BUY,1,638.02
TDB_000008040,2024-09-19 22:16:18,TDB_CUST_5214938,TSLA,BUY,1,638.02
TDB_000008041,2024-09-19 22:16:18,TDB_CUST_5214938,TSLA,BUY,1,638.02
TDB_000008042,2024-09-19 22:16:18,TDB_CUST_5214938,TSLA,BUY,1,638.02
TDB_000008043,2024-09-19 22:16:18,TDB_CUST_5214938,TSLA,BUY,1,638.02
TDB_000008044,2024-09-19 22:16:18,TDB_CUST_5214938,TSLA,BUY,1,638.02
TDB_000008045,2024-09-19 22:16:18,TDB_CUST_5214938,TSLA,BUY,1,638.02
TDB_000008046,2024-09-19 22:16:18,TDB_CUST_5214938,TSLA,BUY,1,638.02
TDB_000008047,2024-09-19 22:16:18,TDB_CUST_5214938,TSLA,BUY,1,638.02
TDB_000008048,2024-09-19 22:16:18,TDB_CUST_5214938,TSLA,BUY,1,638.02
TDB_000008049,2024-09-19 22:16:18,TDB_CUST_5214938,TSLA,BUY,1,638.02
TDB_000008050,2024-09-19 22:16:18,TDB_CUST_5214938,TSLA,BUY,1,638.02
TDB_000008051,2024-09-19 22:16:18,TDB_CUST_5214938,TSLA,BUY,1,638.02
TDB_000008052,2024-09-19 22:16:18,TDB_CUST_5214938,TSLA,BUY,1,638.02
TDB_000008053,2024-09-19 22:16:18,TDB_CUST_5214938,TSLA,BUY,1,638.02
TDB_000008054,2024-09-19 22:16:18,TDB_CUST_5214938,TSLA,BUY,1,638.02
TDB_000008055,2024-09-19 22:16:18,TDB_CUST_5214938,TSLA,BUY,1,638.02
TDB_000008056,2024-09-19 22:16:18,TDB_CUST_5214938,TSLA,BUY,1,638.02
TDB_000008057,2024-09-19 22:16:18,TDB_CUST_5214938,TSLA,BUY,1,638.02
TDB_000008058,2024-09-19 22:16:18,TDB_CUST_5214938,TSLA,BUY,1,638.02
TDB_000008059,2024-09-19 22:16:18,TDB_CUST_5214938,TSLA,BUY,1,638.02
TDB_000008060,2024-09-19 22:16:18,TDB_CUST_5214938,TSLA,BUY,1,638.02
TDB_000008061,2024-09-19 22:16:18,TDB_CUST_5214938,TSLA,BUY,1,638.02
TDB_000008062,2024-09-19 22:16:18,TDB_CUST_5214938,TSLA,BUY,1,638.02
TDB_000008063,2024-09-19 22:16:18,TDB_CUST_5214938,TSLA,BUY,1,638.02
TDB_000008064,2024-09-19 22:16:18,TDB_CUST_5214938,TSLA,BUY,1,638.02
TDB_000008065,2024-09-19 22:16:18,TDB_CUST_5214938,TSLA,BUY,1,638.02
TDB_000008066,2024-09-19 22:16:18,TDB_CUST_5214938,TSLA,BUY,1,638.02
TDB_000008067,2024-09-19 22:16:18,TDB_CUST_5214938,TSLA,BUY,1,638.02
TDB_000008068,2024-09-19 22:16:18,TDB_CUST_5214938,TSLA,BUY,1,638.02
TDB_000008069,2024-09-19 22:16:18,TDB_CUST_5214938,TSLA,BUY,1,638.02
TDB_000008070,2024-09-19 22:16:18,TDB_CUST_5214938,TSLA,BUY,1,638.02
TDB_000008071,2024-09-19 22:16:18,TDB_CUST_5214938,TSLA,BUY,1,638.02
TDB_000008072,2024-09-19 22:16:18,TDB_CUST_5214938,TSLA,BUY,1,638.02
TDB_000008073,2024-09-19 22:16:18,TDB_CUST_5214938,TSLA,BUY,1,638.02
TDB_000008074,2024-09-19 22:16:18,TDB_CUST_5214938,TSLA,BUY,1,638.02
TDB_000008075,2024-09-19 22:16:18,TDB_CUST_5214938,TSLA,BUY,1,638.02
TDB_000008076,2024-09-19 22:16:18,TDB_CUST_5214938,TSLA,BUY,1,638.02
TDB_000008077,2024-09-19 22:16:18,TDB_CUST_5214938,TSLA,BUY,1,638.02
TDB_000008078,2024-09-19 22:16:18,TDB_CUST_5214938,TSLA,BUY,1,638.02
TDB_000008079,2024-09-19 22:16:18,TDB_CUST_5214938,TSLA,BUY,1,638.02
TDB_000008080,2024-09-19 22:16:18,TDB_CUST_5214938,TSLA,BUY,1,638.02
TDB_000008081,2024-09-19 22:16:18,TDB_CUST_5214938,TSLA,BUY,1,638.02
TDB_000008082,2024-09-19 22:16:18,TDB_CUST_5214938,TSLA,BUY,1,638.02
TDB_000008083,2024-09-19 22:16:18,TDB_CUST_5214938,TSLA,BUY,1,638.02
TDB_000008084,2024-09-19 22:16:18,TDB_CUST_5214938,TSLA,BUY,1,638.02
TDB_000008085,2024-09-19 22:16:18,TDB_CUST_5214938,TSLA,BUY,1,638.02
TDB_000008086,2024-09-19 22:16:18,TDB_CUST_5214938,TSLA,BUY,1,638.02
TDB_000008087,2024-09-19 22:16:18,TDB_CUST_5214938,TSLA,BUY,1,638.02
TDB_000008088,2024-09-19 22:16:18,TDB_CUST_5214938,TSLA,BUY,1,638.02
TDB_000008089,2024-09-19 22:16:18,TDB_CUST_5214938,TSLA,BUY,1,638.02
TDB_000008090,2024-09-19 22:16:18,TDB_CUST_5214938,TSLA,BUY,1,638.02
TDB_000008091,2024-09-19 22:16:18,TDB_CUST_5214938,TSLA,BUY,1,638.02
TDB_000008092,2024-09-19 22:16:18,TDB_CUST_5214938,TSLA,BUY,1,638.02
TDB_000008093,2024-09-19 22:16:18,TDB_CUST_5214938,TSLA,BUY,1,638.02
TDB_000008094,2024-09-19 22:16:18,TDB_CUST_5214938,TSLA,BUY,1,638.02
TDB_000008095,2024-09-19 22:16:18,TDB_CUST_5214938,TSLA,BUY,1,638.02
TDB_000008096,2024-09-19 22:16:18,TDB_CUST_5214938,TSLA,BUY,1,638.02
TDB_000008097,2024-09-19 22:16:18,TDB_CUST_5214938,TSLA,BUY,1,638.02
TDB_000008098,2024-09-19 22:16:18,TDB_CUST_5214938,TSLA,BUY,1,638.02
TDB_000008099,2024-09-19 22:16:18,TDB_CUST_5214938,TSLA,BUY,1,638.02
TDB_000008100,2024-09-19 22:16:18,TDB_CUST_5214938,TSLA,BUY,1,638.02
TDB_000008101,2024-09-19 22:16:18,TDB_CUST_5214938,TSLA,BUY,1,638.02
TDB_000008102,2024-09-19 22:16:18,TDB_CUST_5214938,TSLA,BUY,1,638.02
TDB_000008103,2024-09-19 22:16:18,TDB_CUST_5214938,TSLA,BUY,1,638.02
TDB_000008104,2024-09-19 22:16:18,TDB_CUST_5214938,TSLA,BUY,1,638.02
TDB_000008105,2024-09-19 22:16:18,TDB_CUST_5214938,TSLA,BUY,1,638.02
TDB_000008106,2024-09-19 22:16:18,TDB_CUST_5214938,TSLA,BUY,1,638.02
TDB_000008107,2024-09-19 22:16:18,TDB_CUST_5214938,TSLA,BUY,1,638.02
TDB_000008108,2024-09-19 22:16:18,TDB_CUST_5214938,TSLA,BUY,1,638.02
TDB_000008109,2024-09-19 22:16:18,TDB_CUST_5214938,TSLA,BUY,1,638.02
TDB_000008110,2024-09-19 22:16:18,TDB_CUST_5214938,TSLA,BUY,1,638.02
TDB_000008111,2024-09-19 22:16:18,TDB_CUST_5214938,TSLA,BUY,1,638.02
TDB_000008112,2024-09-19 22:16:18,TDB_CUST_5214938,TSLA,BUY,1,638.02
TDB_000008113,2024-09-19 22:16:18,TDB_CUST_5214938,TSLA,BUY,1,638.02
TDB_000008114,2024-09-19 22:16:18,TDB_CUST_5214938,TSLA,BUY,1,638.02
TDB_000008115,2024-09-19 22:16:18,TDB_CUST_5214938,TSLA,BUY,1,638.02
TDB_000008116,2024-09-19 22:16:18,TDB_CUST_5214938,TSLA,BUY,1,638.02
TDB_000008117,2024-09-19 22:16:18,TDB_CUST_5214938,TSLA,BUY,1,638.02
TDB_000008118,2024-09-19 22:16:18,TDB_CUST_5214938,TSLA,BUY,1,638.02
TDB_000008119,2024-09-19 22:16:18,TDB_CUST_5214938,TSLA,BUY,1,638.02
TDB_000008120,2024-09-19 22:16:18,TDB_CUST_5214938,TSLA,BUY,1,638.02
TDB_000008121,2024-09-19 22:16:18,TDB_CUST_5214938,TSLA,BUY,1,638.02
TDB_000008122,2024-09-19 22:16:18,TDB_CUST_5214938,TSLA,BUY,1,638.02
TDB_000008123,2024-09-19 22:16:18,TDB_CUST_5214938,TSLA,BUY,1,638.02
TDB_000008124,2024-09-19 22:16:18,TDB_CUST_5214938,TSLA,BUY,1,638.02
TDB_000008125,2024-09-19 22:16:18,TDB_CUST_5214938,TSLA,BUY,1,638.02
TDB_000008126,2024-09-19 22:16:18,TDB_CUST_5214938,TSLA,BUY,1,638.02
TDB_000008127,2024-09-19 22:16:18,TDB_CUST_5214938,TSLA,BUY,1,638.02
TDB_000008128,2024-09-19 22:16:18,TDB_CUST_5214938,TSLA,BUY,1,638.02
TDB_000008129,2024-09-19 22:16:18,TDB_CUST_5214938,TSLA,BUY,1,638.02
TDB_000008130,2024-09-19 22:16:18,TDB_CUST_5214938,TSLA,BUY,1,638.02
TDB_000008131,2024-09-19 22:16:18,TDB_CUST_5214938,TSLA,BUY,1,638.02
TDB_000008132,2024-09-19 22:16:18,TDB_CUST_5214938,TSLA,BUY,1,638.02
TDB_000008133,2024-09-19 22:16:18,TDB_CUST_5214938,TSLA,BUY,1,638.02
TDB_000008134,2024-09-19 22:16:18,TDB_CUST_5214938,TSLA,BUY,1,638.02
TDB_000008135,2024-09-19 22:16:18,TDB_CUST_5214938,TSLA,BUY,1,638.02
TDB_000008136,2024-09-19 22:16:18,TDB_CUST_5214938,TSLA,BUY,1,638.02
TDB_000008137,2024-09-19 22:16:18,TDB_CUST_5214938,TSLA,BUY,1,638.02
TDB_000008138,2024-09-19 22:16:18,TDB_CUST_5214938,TSLA,BUY,1,638.02
TDB_000008139,2024-09-19 22:16:18,TDB_CUST_5214938,TSLA,BUY,1,638.02
TDB_000008140,2024-09-19 22:16:18,TDB_CUST_5214938,TSLA,BUY,1,638.02
TDB_000008141,2024-09-19 22:16:18,TDB_CUST_5214938,TSLA,BUY,1,638.02
TDB_000008142,2024-09-19 22:16:18,TDB_CUST_5214938,TSLA,BUY,1,638.02
TDB_000008143,2024-09-19 22:16:18,TDB_CUST_5214938,TSLA,BUY,1,638.02
TDB_000008144,2024-09-19 22:16:18,TDB_CUST_5214938,TSLA,BUY,1,638.02
TDB_000008145,2024-09-19 22:16:18,TDB_CUST_5214938,TSLA,BUY,1,638.02
TDB_000008146,2024-09-19 22:16:18,TDB_CUST_5214938,TSLA,BUY,1,638.02
TDB_000008147,2024-09-19 22:16:18,TDB_CUST_5214938,TSLA,BUY,1,638.02
TDB_000008148,2024-09-19 22:16:18,TDB_CUST_5214938,TSLA,BUY,1,638.02
TDB_000008149,2024-09-19 22:16:18,TDB_CUST_5214938,TSLA,BUY,1,638.02
TDB_000008150,2024-09-19 22:16:18,TDB_CUST_5214938,TSLA,BUY,1,638.02
TDB_000008151,2024-09-19 22:16:18,TDB_CUST_5214938,TSLA,BUY,1,638.02
TDB_000008152,2024-09-19 22:16:18,TDB_CUST_5214938,TSLA,BUY,1,638.02
TDB_000008153,2024-09-19 22:16:18,TDB_CUST_5214938,TSLA,BUY,1,638.02
TDB_000008154,2024-09-19 22:16:18,TDB_CUST_5214938,TSLA,BUY,1,638.02
TDB_000008155,2024-09-19 22:16:18,TDB_CUST_5214938,TSLA,BUY,1,638.02
TDB_000008156,2024-09-19 22:16:18,TDB_CUST_5214938,TSLA,BUY,1,638.02
TDB_000008157,2024-09-19 22:16:18,TDB_CUST_5214938,TSLA,BUY,1,638.02
TDB_000008158,2024-09-19 22:16:18,TDB_CUST_5214938,TSLA,BUY,1,638.02
TDB_000008159,2024-09-19 22:16:18,TDB_CUST_5214938,TSLA,BUY,1,638.02
TDB_000008160,2024-09-19 22:16:18,TDB_CUST_5214938,TSLA,BUY,1,638.02
TDB_000008161,2024-09-19 22:16:18,TDB_CUST_5214938,TSLA,BUY,1,638.02
TDB_000008162,2024-09-19 22:16:18,TDB_CUST_5214938,TSLA,BUY,1,638.02
TDB_000008163,2024-09-19 22:16:18,TDB_CUST_5214938,TSLA,BUY,1,638.02
TDB_000008164,2024-09-19 22:16:18,TDB_CUST_5214938,TSLA,BUY,1,638.02
TDB_000008165,2024-09-19 22:16:18,TDB_CUST_5214938,TSLA,BUY,1,638.02
TDB_000008166,2024-09-19 22:16:18,TDB_CUST_5214938,TSLA,BUY,1,638.02
TDB_000008167,2024-09-19 22:16:18,TDB_CUST_5214938,TSLA,BUY,1,638.02
TDB_000008168,2024-09-19 22:16:18,TDB_CUST_5214938,TSLA,BUY,1,638.02
TDB_000008169,2024-09-19 22:16:18,TDB_CUST_5214938,TSLA,BUY,1,638.02
TDB_000008170,2024-09-19 22:16:18,TDB_CUST_5214938,TSLA,BUY,1,638.02
TDB_000008171,2024-09-19 22:16:18,TDB_CUST_5214938,TSLA,BUY,1,638.02
TDB_000008172,2024-09-19 22:16:18,TDB_CUST_5214938,TSLA,BUY,1,638.02
TDB_000008173,2024-09-19 22:16:18,TDB_CUST_5214938,TSLA,BUY,1,638.02
TDB_000008174,2024-09-19 22:16:18,TDB_CUST_5214938,TSLA,BUY,1,638.02
TDB_000008175,2024-09-19 22:16:18,TDB_CUST_5214938,TSLA,BUY,1,638.02
TDB_000008176,2024-09-19 22:16:18,TDB_CUST_5214938,TSLA,BUY,1,638.02
TDB_000008177,2024-09-19 22:16:18,TDB_CUST_5214938,TSLA,BUY,1,638.02
TDB_000008178,2024-09-19 22:16:18,TDB_CUST_5214938,TSLA,BUY,1,638.02
TDB_000008179,2024-09-19 22:16:18,TDB_CUST_5214938,TSLA,BUY,1,638.02
TDB_000008180,2024-09-19 22:16:18,TDB_CUST_5214938,TSLA,BUY,1,638.02
TDB_000008181,2024-09-19 22:16:18,TDB_CUST_5214938,TSLA,BUY,1,638.02
TDB_000008182,2024-09-19 22:16:18,TDB_CUST_5214938,TSLA,BUY,1,638.02
TDB_000008183,2024-09-19 22:16:18,TDB_CUST_5214938,TSLA,BUY,1,638.02
TDB_000008184,2024-09-19 22:16:18,TDB_CUST_5214938,TSLA,BUY,1,638.02
TDB_000008185,2024-09-19 22:16:18,TDB_CUST_5214938,TSLA,BUY,1,638.02
TDB_000008186,2024-09-19 22:16:18,TDB_CUST_5214938,TSLA,BUY,1,638.02
TDB_000008187,2024-09-19 22:16:18,TDB_CUST_5214938,TSLA,BUY,1,638.02
TDB_000008188,2024-09-19 22:16:18,TDB_CUST_5214938,TSLA,BUY,1,638.02
TDB_000008189,2024-09-19 22:16:18,TDB_CUST_5214938,TSLA,BUY,1,638.02
TDB_000008190,2024-09-19 22:16:18,TDB_CUST_5214938,TSLA,BUY,1,638.02
TDB_000008191,2024-09-19 22:16:18,TDB_CUST_5214938,TSLA,BUY,1,638.02
TDB_000008192,2024-09-19 22:16:18,TDB_CUST_5214938,TSLA,BUY,1,638.02
TDB_000008193,2024-09-19 22:16:18,TDB_CUST_5214938,TSLA,BUY,1,638.02
TDB_000008194,2024-09-19 22:16:18,TDB_CUST_5214938,TSLA,BUY,1,638.02
TDB_000008195,2024-09-19 22:16:18,TDB_CUST_5214938,TSLA,BUY,1,638.02
TDB_000008196,2024-09-19 22:16:18,TDB_CUST_5214938,TSLA,BUY,1,638.02
TDB_000008197,2024-09-19 22:16:18,TDB_CUST_5214938,TSLA,BUY,1,638.02
TDB_000008198,2024-09-19 22:16:18,TDB_CUST_5214938,TSLA,BUY,1,638.02
TDB_000008199,2024-09-19 22:16:18,TDB_CUST_5214938,TSLA,BUY,1,638.02
TDB_000008200,2024-09-19 22:16:18,TDB_CUST_5214938,TSLA,BUY,1,638.02
TDB_000008201,2024-09-19 22:16:18,TDB_CUST_5214938,TSLA,BUY,1,638.02
TDB_000008202,2024-09-19 22:16:18,TDB_CUST_5214938,TSLA,BUY,1,638.02
TDB_000008203,2024-09-19 22:16:18,TDB_CUST_5214938,TSLA,BUY,1,638.02
TDB_000008204,2024-09-19 22:16:18,TDB_CUST_5214938,TSLA,BUY,1,638.02
TDB_000008205,2024-09-19 22:16:18,TDB_CUST_5214938,TSLA,BUY,1,638.02
TDB_000008206,2024-09-19 22:16:18,TDB_CUST_5214938,TSLA,BUY,1,638.02
TDB_000008207,2024-09-19 22:16:18,TDB_CUST_5214938,TSLA,BUY,1,638.02
TDB_000008208,2024-09-19 22:16:18,TDB_CUST_5214938,TSLA,BUY,1,638.02
TDB_000008209,2024-09-19 22:16:18,TDB_CUST_5214938,TSLA,BUY,1,638.02
TDB_000008210,2024-09-19 22:16:18,TDB_CUST_5214938,TSLA,BUY,1,638.02
TDB_000008211,2024-09-19 22:16:18,TDB_CUST_5214938,TSLA,BUY,1,638.02
TDB_000008212,2024-09-19 22:16:18,TDB_CUST_5214938,TSLA,BUY,1,638.02
TDB_000008213,2024-09-19 22:16:18,TDB_CUST_5214938,TSLA,BUY,1,638.02
TDB_000008214,2024-09-19 22:16:18,TDB_CUST_5214938,TSLA,BUY,1,638.02
TDB_000008215,2024-09-19 22:16:18,TDB_CUST_5214938,TSLA,BUY,1,638.02
TDB_000008216,2024-09-19 22:16:18,TDB_CUST_5214938,TSLA,BUY,1,638.02
TDB_000008217,2024-09-19 22:16:18,TDB_CUST_5214938,TSLA,BUY,1,638.02
TDB_000008218,2024-09-19 22:16:18,TDB_CUST_5214938,TSLA,BUY,1,638.02
TDB_000008219,2024-09-19 22:16:18,TDB_CUST_5214938,TSLA,BUY,1,638.02
TDB_000008220,2024-09-19 22:16:18,TDB_CUST_5214938,TSLA,BUY,1,638.02
TDB_000008221,2024-09-19 22:16:18,TDB_CUST_5214938,TSLA,BUY,1,638.02
TDB_000008222,2024-09-19 22:16:18,TDB_CUST_5214938,TSLA,BUY,1,638.02
TDB_000008223,2024-09-19 22:16:18,TDB_CUST_5214938,TSLA,BUY,1,638.02
TDB_000008224,2024-09-19 22:16:18,TDB_CUST_5214938,TSLA,BUY,1,638.02
TDB_000008225,2024-09-19 22:16:18,TDB_CUST_5214938,TSLA,BUY,1,638.02
TDB_000008226,2024-09-19 22:16:18,TDB_CUST_5214938,TSLA,BUY,1,638.02
TDB_000008227,2024-09-19 22:16:18,TDB_CUST_5214938,TSLA,BUY,1,638.02
TDB_000008228,2024-09-19 22:16:18,TDB_CUST_5214938,TSLA,BUY,1,638.02
TDB_000008229,2024-09-19 22:16:18,TDB_CUST_5214938,TSLA,BUY,1,638.02
TDB_000008230,2024-09-19 22:16:18,TDB_CUST_5214938,TSLA,BUY,1,638.02
TDB_000008231,2024-09-19 22:16:18,TDB_CUST_5214938,TSLA,BUY,1,638.02
TDB_000008232,2024-09-19 22:16:18,TDB_CUST_5214938,TSLA,BUY,1,638.02
TDB_000008233,2024-09-19 22:16:18,TDB_CUST_5214938,TSLA,BUY,1,638.02
TDB_000008234,2024-09-19 22:16:18,TDB_CUST_5214938,TSLA,BUY,1,638.02
TDB_000008235,2024-09-19 22:16:18,TDB_CUST_5214938,TSLA,BUY,1,638.02
TDB_000008236,2024-09-19 22:16:18,TDB_CUST_5214938,TSLA,BUY,1,638.02
TDB_000008237,2024-09-19 22:16:18,TDB_CUST_5214938,TSLA,BUY,1,638.02
TDB_000008238,2024-09-19 22:16:18,TDB_CUST_5214938,TSLA,BUY,1,638.02
TDB_000008239,2024-09-19 22:16:18,TDB_CUST_5214938,TSLA,BUY,1,638.02
TDB_000008240,2024-09-19 22:16:18,TDB_CUST_5214938,TSLA,BUY,1,638.02
TDB_000008241,2024-09-19 22:16:18,TDB_CUST_5214938,TSLA,BUY,1,638.02
TDB_000008242,2024-09-19 22:16:18,TDB_CUST_5214938,TSLA,BUY,1,638.02
TDB_000008243,2024-09-19 22:16:18,TDB_CUST_5214938,TSLA,BUY,1,638.02
TDB_000008244,2024-09-19 22:16:18,TDB_CUST_5214938,TSLA,BUY,1,638.02
TDB_000008245,2024-09-19 22:16:18,TDB_CUST_5214938,TSLA,BUY,1,638.02
TDB_000008246,2024-09-19 22:16:18,TDB_CUST_5214938,TSLA,BUY,1,638.02
TDB_000008247,2024-09-19 22:16:18,TDB_CUST_5214938,TSLA,BUY,1,638.02
TDB_000008248,2024-09-19 22:16:18,TDB_CUST_5214938,TSLA,BUY,1,638.02
TDB_000008249,2024-09-19 22:16:18,TDB_CUST_5214938,TSLA,BUY,1,638.02
TDB_000008250,2024-09-19 22:16:18,TDB_CUST_5214938,TSLA,BUY,1,638.02
TDB_000008251,2024-09-19 22:16:18,TDB_CUST_5214938,TSLA,BUY,1,638.02
TDB_000008252,2024-09-19 22:16:18,TDB_CUST_5214938,TSLA,BUY,1,638.02
TDB_000008253,2024-09-19 22:16:18,TDB_CUST_5214938,TSLA,BUY,1,638.02
TDB_000008254,2024-09-19 22:16:18,TDB_CUST_5214938,TSLA,BUY,1,638.02
TDB_000008255,2024-09-19 22:16:18,TDB_CUST_5214938,TSLA,BUY,1,638.02
TDB_000008256,2024-09-19 22:16:18,TDB_CUST_5214938,TSLA,BUY,1,638.02
TDB_000008257,2024-09-19 22:16:18,TDB_CUST_5214938,TSLA,BUY,1,638.02
TDB_000008258,2024-09-19 22:16:18,TDB_CUST_5214938,TSLA,BUY,1,638.02
TDB_000008259,2024-09-19 22:16:18,TDB_CUST_5214938,TSLA,BUY,1,638.02
TDB_000008260,2024-09-19 22:16:18,TDB_CUST_5214938,TSLA,BUY,1,638.02
TDB_000008261,2024-09-19 22:16:18,TDB_CUST_5214938,TSLA,BUY,1,638.02
TDB_000008262,2024-09-19 22:16:18,TDB_CUST_5214938,TSLA,BUY,1,638.02
TDB_000008263,2024-09-19 22:16:18,TDB_CUST_5214938,TSLA,BUY,1,638.02
TDB_000008264,2024-09-19 22:16:18,TDB_CUST_5214938,TSLA,BUY,1,638.02
TDB_000008265,2024-09-19 22:16:18,TDB_CUST_5214938,TSLA,BUY,1,638.02
TDB_000008266,2024-09-19 22:16:18,TDB_CUST_5214938,TSLA,BUY,1,638.02
TDB_000008267,2024-09-19 22:16:18,TDB_CUST_5214938,TSLA,BUY,1,638.02
TDB_000008268,2024-09-19 22:16:18,TDB_CUST_5214938,TSLA,BUY,1,638.02
TDB_000008269,2024-09-19 22:16:18,TDB_CUST_5214938,TSLA,BUY,1,638.02
TDB_000008270,2024-09-19 22:16:18,TDB_CUST_5214938,TSLA,BUY,1,638.02
TDB_000008271,2024-09-19 22:16:18,TDB_CUST_5214938,TSLA,BUY,1,638.02
TDB_000008272,2024-09-19 22:16:18,TDB_CUST_5214938,TSLA,BUY,1,638.02
TDB_000008273,2024-09-19 22:16:18,TDB_CUST_5214938,TSLA,BUY,1,638.02
TDB_000008274,2024-09-19 22:16:18,TDB_CUST_5214938,TSLA,BUY,1,638.02
TDB_000008275,2024-09-19 22:16:18,TDB_CUST_5214938,TSLA,BUY,1,638.02
TDB_000008276,2024-09-19 22:16:18,TDB_CUST_5214938,TSLA,BUY,1,638.02
TDB_000008277,2024-09-19 22:16:18,TDB_CUST_5214938,TSLA,BUY,1,638.02
TDB_000008278,2024-09-19 22:16:18,TDB_CUST_5214938,TSLA,BUY,1,638.02
TDB_000008279,2024-09-19 22:16:18,TDB_CUST_5214938,TSLA,BUY,1,638.02
TDB_000008280,2024-09-19 22:16:18,TDB_CUST_5214938,TSLA,BUY,1,638.02
TDB_000008281,2024-09-19 22:16:18,TDB_CUST_5214938,TSLA,BUY,1,638.02
TDB_000008282,2024-09-19 22:16:18,TDB_CUST_5214938,TSLA,BUY,1,638.02
TDB_000008283,2024-09-19 22:16:18,TDB_CUST_5214938,TSLA,BUY,1,638.02
TDB_000008284,2024-09-19 22:16:18,TDB_CUST_5214938,TSLA,BUY,1,638.02
TDB_000008285,2024-09-19 22:16:18,TDB_CUST_5214938,TSLA,BUY,1,638.02
TDB_000008286,2024-09-19 22:16:18,TDB_CUST_5214938,TSLA,BUY,1,638.02
TDB_000008287,2024-09-19 22:16:18,TDB_CUST_5214938,TSLA,BUY,1,638.02
TDB_000008288,2024-09-19 22:16:18,TDB_CUST_5214938,TSLA,BUY,1,638.02
TDB_000008289,2024-09-19 22:16:18,TDB_CUST_5214938,TSLA,BUY,1,638.02
TDB_000008290,2024-09-19 22:16:18,TDB_CUST_5214938,TSLA,BUY,1,638.02
TDB_000008291,2024-09-19 22:16:18,TDB_CUST_5214938,TSLA,BUY,1,638.02
TDB_000008292,2024-09-19 22:16:18,TDB_CUST_5214938,TSLA,BUY,1,638.02
TDB_000008293,2024-09-19 22:16:18,TDB_CUST_5214938,TSLA,BUY,1,638.02
TDB_000008294,2024-09-19 22:16:18,TDB_CUST_5214938,TSLA,BUY,1,638.02
TDB_000008295,2024-09-19 22:16:18,TDB_CUST_5214938,TSLA,BUY,1,638.02
TDB_000008296,2024-09-19 22:16:18,TDB_CUST_5214938,TSLA,BUY,1,638.02
TDB_000008297,2024-09-19 22:16:18,TDB_CUST_5214938,TSLA,BUY,1,638.02
TDB_000008298,2024-09-19 22:16:18,TDB_CUST_5214938,TSLA,BUY,1,638.02
TDB_000008299,2024-09-19 22:16:18,TDB_CUST_5214938,TSLA,BUY,1,638.02
TDB_000008300,2024-09-19 22:16:18,TDB_CUST_5214938,TSLA,BUY,1,638.02
TDB_000008301,2024-09-19 22:16:18,TDB_CUST_5214938,TSLA,BUY,1,638.02
TDB_000008302,2024-09-19 22:16:18,TDB_CUST_5214938,TSLA,BUY,1,638.02
TDB_000008303,2024-09-19 22:16:18,TDB_CUST_5214938,TSLA,BUY,1,638.02
TDB_000008304,2024-09-19 22:16:18,TDB_CUST_5214938,TSLA,BUY,1,638.02
TDB_000008305,2024-09-19 22:16:18,TDB_CUST_5214938,TSLA,BUY,1,638.02
TDB_000008306,2024-09-19 22:16:18,TDB_CUST_5214938,TSLA,BUY,1,638.02
TDB_000008307,2024-09-19 22:16:18,TDB_CUST_5214938,TSLA,BUY,1,638.02
TDB_000008308,2024-09-19 22:16:18,TDB_CUST_5214938,TSLA,BUY,1,638.02
TDB_000008309,2024-09-19 22:16:18,TDB_CUST_5214938,TSLA,BUY,1,638.02
TDB_000008310,2024-09-19 22:16:18,TDB_CUST_5214938,TSLA,BUY,1,638.02
TDB_000008311,2024-09-19 22:16:18,TDB_CUST_5214938,TSLA,BUY,1,638.02
TDB_000008312,2024-09-19 22:16:18,TDB_CUST_5214938,TSLA,BUY,1,638.02
TDB_000008313,2024-09-19 22:16:18,TDB_CUST_5214938,TSLA,BUY,1,638.02
TDB_000008314,2024-09-19 22:16:18,TDB_CUST_5214938,TSLA,BUY,1,638.02
TDB_000008315,2024-09-19 22:16:18,TDB_CUST_5214938,TSLA,BUY,1,638.02
TDB_000008316,2024-09-19 22:16:18,TDB_CUST_5214938,TSLA,BUY,1,638.02
TDB_000008317,2024-09-19 22:16:18,TDB_CUST_5214938,TSLA,BUY,1,638.02
TDB_000008318,2024-09-19 22:16:18,TDB_CUST_5214938,TSLA,BUY,1,638.02
TDB_000008319,2024-09-19 22:16:18,TDB_CUST_5214938,TSLA,BUY,1,638.02
TDB_000008320,2024-09-19 22:16:18,TDB_CUST_5214938,TSLA,BUY,1,638.02
TDB_000008321,2024-09-19 22:16:18,TDB_CUST_5214938,TSLA,BUY,1,638.02
TDB_000008322,2024-09-19 22:16:18,TDB_CUST_5214938,TSLA,BUY,1,638.02
TDB_000008323,2024-09-19 22:16:18,TDB_CUST_5214938,TSLA,BUY,1,638.02
TDB_000008324,2024-09-19 22:16:18,TDB_CUST_5214938,TSLA,BUY,1,638.02
TDB_000008325,2024-09-19 22:16:18,TDB_CUST_5214938,TSLA,BUY,1,638.02
TDB_000008326,2024-09-19 22:16:18,TDB_CUST_5214938,TSLA,BUY,1,638.02
TDB_000008327,2024-09-19 22:16:18,TDB_CUST_5214938,TSLA,BUY,1,638.02
TDB_000008328,2024-09-19 22:16:18,TDB_CUST_5214938,TSLA,BUY,1,638.02
TDB_000008329,2024-09-19 22:16:18,TDB_CUST_5214938,TSLA,BUY,1,638.02
TDB_000008330,2024-09-19 22:16:18,TDB_CUST_5214938,TSLA,BUY,1,638.02
TDB_000008331,2024-09-19 22:16:18,TDB_CUST_5214938,TSLA,BUY,1,638.02
TDB_000008332,2024-09-19 22:16:18,TDB_CUST_5214938,TSLA,BUY,1,638.02
TDB_000008333,2024-09-19 22:16:18,TDB_CUST_5214938,TSLA,BUY,1,638.02
TDB_000008334,2024-09-19 22:16:18,TDB_CUST_5214938,TSLA,BUY,1,638.02
TDB_000008335,2024-09-19 22:16:18,TDB_CUST_5214938,TSLA,BUY,1,638.02
TDB_000008336,2024-09-19 22:16:18,TDB_CUST_5214938,TSLA,BUY,1,638.02
TDB_000008337,2024-09-19 22:16:18,TDB_CUST_5214938,TSLA,BUY,1,638.02
TDB_000008338,2024-09-19 22:16:18,TDB_CUST_5214938,TSLA,BUY,1,638.02
TDB_000008339,2024-09-19 22:16:18,TDB_CUST_5214938,TSLA,BUY,1,638.02
TDB_000008340,2024-09-19 22:16:18,TDB_CUST_5214938,TSLA,BUY,1,638.02
TDB_000008341,2024-09-19 22:16:18,TDB_CUST_5214938,TSLA,BUY,1,638.02
TDB_000008342,2024-09-19 22:16:18,TDB_CUST_5214938,TSLA,BUY,1,638.02
TDB_000008343,2024-09-19 22:16:18,TDB_CUST_5214938,TSLA,BUY,1,638.02
TDB_000008344,2024-09-19 22:16:18,TDB_CUST_5214938,TSLA,BUY,1,638.02
TDB_000008345,2024-09-19 22:16:18,TDB_CUST_5214938,TSLA,BUY,1,638.02
TDB_000008346,2024-09-19 22:16:18,TDB_CUST_5214938,TSLA,BUY,1,638.02
TDB_000008347,2024-09-19 22:16:18,TDB_CUST_5214938,TSLA,BUY,1,638.02
TDB_000008348,2024-09-19 22:16:18,TDB_CUST_5214938,TSLA,BUY,1,638.02
TDB_000008349,2024-09-19 22:16:18,TDB_CUST_5214938,TSLA,BUY,1,638.02
TDB_000008350,2024-09-19 22:16:18,TDB_CUST_5214938,TSLA,BUY,1,638.02
TDB_000008351,2024-09-19 22:16:18,TDB_CUST_5214938,TSLA,BUY,1,638.02
TDB_000008352,2024-09-19 22:16:18,TDB_CUST_5214938,TSLA,BUY,1,638.02
TDB_000008353,2024-09-19 22:16:18,TDB_CUST_5214938,TSLA,BUY,1,638.02
TDB_000008354,2024-09-19 22:16:18,TDB_CUST_5214938,TSLA,BUY,1,638.02
TDB_000008355,2024-09-19 22:16:18,TDB_CUST_5214938,TSLA,BUY,1,638.02
TDB_000008356,2024-09-19 22:16:18,TDB_CUST_5214938,TSLA,BUY,1,638.02
TDB_000008357,2024-09-19 22:16:18,TDB_CUST_5214938,TSLA,BUY,1,638.02
TDB_000008358,2024-09-19 22:16:18,TDB_CUST_5214938,TSLA,BUY,1,638.02
TDB_000008359,2024-09-19 22:16:18,TDB_CUST_5214938,TSLA,BUY,1,638.02
TDB_000008360,2024-09-19 22:16:18,TDB_CUST_5214938,TSLA,BUY,1,638.02
TDB_000008361,2024-09-19 22:16:18,TDB_CUST_5214938,TSLA,BUY,1,638.02
TDB_000008362,2024-09-19 22:16:18,TDB_CUST_5214938,TSLA,BUY,1,638.02
TDB_000008363,2024-09-19 22:16:18,TDB_CUST_5214938,TSLA,BUY,1,638.02
TDB_000008364,2024-09-19 22:16:18,TDB_CUST_5214938,TSLA,BUY,1,638.02
TDB_000008365,2024-09-19 22:16:18,TDB_CUST_5214938,TSLA,BUY,1,638.02
TDB_000008366,2024-09-19 22:16:18,TDB_CUST_5214938,TSLA,BUY,1,638.02
TDB_000008367,2024-09-19 22:16:18,TDB_CUST_5214938,TSLA,BUY,1,638.02
TDB_000008368,2024-09-19 22:16:18,TDB_CUST_5214938,TSLA,BUY,1,638.02
TDB_000008369,2024-09-19 22:16:18,TDB_CUST_5214938,TSLA,BUY,1,638.02
TDB_000008370,2024-09-19 22:16:18,TDB_CUST_5214938,TSLA,BUY,1,638.02
TDB_000008371,2024-09-19 22:16:18,TDB_CUST_5214938,TSLA,BUY,1,638.02
TDB_000008372,2024-09-19 22:16:18,TDB_CUST_5214938,TSLA,BUY,1,638.02
TDB_000008373,2024-09-19 22:16:18,TDB_CUST_5214938,TSLA,BUY,1,638.02
TDB_000008374,2024-09-19 22:16:18,TDB_CUST_5214938,TSLA,BUY,1,638.02
TDB_000008375,2024-09-19 22:16:18,TDB_CUST_5214938,TSLA,BUY,1,638.02
TDB_000008376,2024-09-19 22:16:18,TDB_CUST_5214938,TSLA,BUY,1,638.02
TDB_000008377,2024-09-19 22:16:18,TDB_CUST_5214938,TSLA,BUY,1,638.02
TDB_000008378,2024-09-19 22:16:18,TDB_CUST_5214938,TSLA,BUY,1,638.02
TDB_000008379,2024-09-19 22:16:18,TDB_CUST_5214938,TSLA,BUY,1,638.02
TDB_000008380,2024-09-19 22:16:18,TDB_CUST_5214938,TSLA,BUY,1,638.02
TDB_000008381,2024-09-19 22:16:18,TDB_CUST_5214938,TSLA,BUY,1,638.02
TDB_000008382,2024-09-19 22:16:18,TDB_CUST_5214938,TSLA,BUY,1,638.02
TDB_000008383,2024-09-19 22:16:18,TDB_CUST_5214938,TSLA,BUY,1,638.02
TDB_000008384,2024-09-19 22:16:18,TDB_CUST_5214938,TSLA,BUY,1,638.02
TDB_000008385,2024-09-19 22:16:18,TDB_CUST_5214938,TSLA,BUY,1,638.02
TDB_000008386,2024-09-19 22:16:18,TDB_CUST_5214938,TSLA,BUY,1,638.02
TDB_000008387,2024-09-19 22:16:18,TDB_CUST_5214938,TSLA,BUY,1,638.02
TDB_000008388,2024-09-19 22:16:18,TDB_CUST_5214938,TSLA,BUY,1,638.02
TDB_000008389,2024-09-19 22:16:18,TDB_CUST_5214938,TSLA,BUY,1,638.02
TDB_000008390,2024-09-19 22:16:18,TDB_CUST_5214938,TSLA,BUY,1,638.02
TDB_000008391,2024-09-19 22:16:18,TDB_CUST_5214938,TSLA,BUY,1,638.02
TDB_000008392,2024-09-19 22:16:18,TDB_CUST_5214938,TSLA,BUY,1,638.02
TDB_000008393,2024-09-19 22:16:18,TDB_CUST_5214938,TSLA,BUY,1,638.02
TDB_000008394,2024-09-19 22:16:18,TDB_CUST_5214938,TSLA,BUY,1,638.02
TDB_000008395,2024-09-19 22:16:18,TDB_CUST_5214938,TSLA,BUY,1,638.02
TDB_000008396,2024-09-19 22:16:18,TDB_CUST_5214938,TSLA,BUY,1,638.02
TDB_000008397,2024-09-19 22:16:18,TDB_CUST_5214938,TSLA,BUY,1,638.02
TDB_000008398,2024-09-19 22:16:18,TDB_CUST_5214938,TSLA,BUY,1,638.02
TDB_000008399,2024-09-19 22:16:18,TDB_CUST_5214938,TSLA,BUY,1,638.02
TDB_000008400,2024-09-19 22:16:18,TDB_CUST_5214938,TSLA,BUY,1,638.02
TDB_000008401,2024-09-19 22:16:18,TDB_CUST_5214938,TSLA,BUY,1,638.02
TDB_000008402,2024-09-19 22:16:18,TDB_CUST_5214938,TSLA,BUY,1,638.02
TDB_000008403,2024-09-19 22:16:18,TDB_CUST_5214938,TSLA,BUY,1,638.02
TDB_000008404,2024-09-19 22:16:18,TDB_CUST_5214938,TSLA,BUY,1,638.02
TDB_000008405,2024-09-19 22:16:18,TDB_CUST_5214938,TSLA,BUY,1,638.02
TDB_000008406,2024-09-19 22:16:18,TDB_CUST_5214938,TSLA,BUY,1,638.02
TDB_000008407,2024-09-19 22:16:18,TDB_CUST_5214938,TSLA,BUY,1,638.02
TDB_000008408,2024-09-19 22:16:18,TDB_CUST_5214938,TSLA,BUY,1,638.02
TDB_000008409,2024-09-19 22:16:18,TDB_CUST_5214938,TSLA,BUY,1,638.02
TDB_000008410,2024-09-19 22:16:18,TDB_CUST_5214938,TSLA,BUY,1,638.02
TDB_000008411,2024-09-19 22:16:18,TDB_CUST_5214938,TSLA,BUY,1,638.02
TDB_000008412,2024-09-19 22:16:18,TDB_CUST_5214938,TSLA,BUY,1,638.02
TDB_000008413,2024-09-19 22:16:18,TDB_CUST_5214938,TSLA,BUY,1,638.02
TDB_000008414,2024-09-19 22:16:18,TDB_CUST_5214938,TSLA,BUY,1,638.02
TDB_000008415,2024-09-19 22:16:18,TDB_CUST_5214938,TSLA,BUY,1,638.02
TDB_000008416,2024-09-19 22:16:18,TDB_CUST_5214938,TSLA,BUY,1,638.02
TDB_000008417,2024-09-19 22:16:18,TDB_CUST_5214938,TSLA,BUY,1,638.02
TDB_000008418,2024-09-19 22:16:18,TDB_CUST_5214938,TSLA,BUY,1,638.02
TDB_000008419,2024-09-19 22:16:18,TDB_CUST_5214938,TSLA,BUY,1,638.02
TDB_000008420,2024-09-19 22:16:18,TDB_CUST_5214938,TSLA,BUY,1,638.02
TDB_000008421,2024-09-19 22:16:18,TDB_CUST_5214938,TSLA,BUY,1,638.02
TDB_000008422,2024-09-19 22:16:18,TDB_CUST_5214938,TSLA,BUY,1,638.02
TDB_000008423,2024-09-19 22:16:18,TDB_CUST_5214938,TSLA,BUY,1,638.02
TDB_000008424,2024-09-19 22:16:18,TDB_CUST_5214938,TSLA,BUY,1,638.02
TDB_000008425,2024-09-19 22:16:18,TDB_CUST_5214938,TSLA,BUY,1,638.02
TDB_000008426,2024-09-19 22:16:18,TDB_CUST_5214938,TSLA,BUY,1,638.02
TDB_000008427,2024-09-19 22:16:18,TDB_CUST_5214938,TSLA,BUY,1,638.02
TDB_000008428,2024-09-19 22:16:18,TDB_CUST_5214938,TSLA,BUY,1,638.02
TDB_000008429,2024-09-19 22:16:18,TDB_CUST_5214938,TSLA,BUY,1,638.02
TDB_000008430,2024-09-19 22:16:18,TDB_CUST_5214938,TSLA,BUY,1,638.02
TDB_000008431,2024-09-19 22:16:18,TDB_CUST_5214938,TSLA,BUY,1,638.02
TDB_000008432,2024-09-19 22:16:18,TDB_CUST_5214938,TSLA,BUY,1,638.02
TDB_000008433,2024-09-19 22:16:18,TDB_CUST_5214938,TSLA,BUY,1,638.02
TDB_000008434,2024-09-19 22:16:18,TDB_CUST_5214938,TSLA,BUY,1,638.02
TDB_000008435,2024-09-19 22:16:18,TDB_CUST_5214938,TSLA,BUY,1,638.02
TDB_000008436,2024-09-19 22:16:18,TDB_CUST_5214938,TSLA,BUY,1,638.02
TDB_000008437,2024-09-19 22:16:18,TDB_CUST_5214938,TSLA,BUY,1,638.02
TDB_000008438,2024-09-19 22:16:18,TDB_CUST_5214938,TSLA,BUY,1,638.02
TDB_000008439,2024-09-19 22:16:18,TDB_CUST_5214938,TSLA,BUY,1,638.02
TDB_000008440,2024-09-19 22:16:18,TDB_CUST_5214938,TSLA,BUY,1,638.02
TDB_000008441,2024-09-19 22:16:18,TDB_CUST_5214938,TSLA,BUY,1,638.02
TDB_000008442,2024-09-19 22:16:18,TDB_CUST_5214938,TSLA,BUY,1,638.02
TDB_000008443,2024-09-19 22:16:18,TDB_CUST_5214938,TSLA,BUY,1,638.02
TDB_000008444,2024-09-19 22:16:18,TDB_CUST_5214938,TSLA,BUY,1,638.02
TDB_000008445,2024-09-19 22:16:18,TDB_CUST_5214938,TSLA,BUY,1,638.02
TDB_000008446,2024-09-19 22:16:18,TDB_CUST_5214938,TSLA,BUY,1,638.02
TDB_000008447,2024-09-19 22:16:18,TDB_CUST_5214938,TSLA,BUY,1,638.02
TDB_000008448,2024-09-19 22:16:18,TDB_CUST_5214938,TSLA,BUY,1,638.02
TDB_000008449,2024-09-19 22:16:18,TDB_CUST_5214938,TSLA,BUY,1,638.02
TDB_000008450,2024-09-19 22:16:18,TDB_CUST_5214938,TSLA,BUY,1,638.02
TDB_000008451,2024-09-19 22:16:18,TDB_CUST_5214938,TSLA,BUY,1,638.02
TDB_000008452,2024-09-19 22:16:18,TDB_CUST_5214938,TSLA,BUY,1,638.02
TDB_000008453,2024-09-19 22:16:18,TDB_CUST_5214938,TSLA,BUY,1,638.02
TDB_000008454,2024-09-19 22:16:18,TDB_CUST_5214938,TSLA,BUY,1,638.02
TDB_000008455,2024-09-19 22:16:18,TDB_CUST_5214938,TSLA,BUY,1,638.02
TDB_000008456,2024-09-19 22:16:18,TDB_CUST_5214938,TSLA,BUY,1,638.02
TDB_000008457,2024-09-19 22:16:18,TDB_CUST_5214938,TSLA,BUY,1,638.02
TDB_000008458,2024-09-19 22:16:18,TDB_CUST_5214938,TSLA,BUY,1,638.02
TDB_000008459,2024-09-19 22:16:18,TDB_CUST_5214938,TSLA,BUY,1,638.02
TDB_000008460,2024-09-19 22:16:18,TDB_CUST_5214938,TSLA,BUY,1,638.02
TDB_000008461,2024-09-19 22:16:18,TDB_CUST_5214938,TSLA,BUY,1,638.02
TDB_000008462,2024-09-19 22:16:18,TDB_CUST_5214938,TSLA,BUY,1,638.02
TDB_000008463,2024-09-19 22:16:18,TDB_CUST_5214938,TSLA,BUY,1,638.02
TDB_000008464,2024-09-19 22:16:18,TDB_CUST_5214938,TSLA,BUY,1,638.02
TDB_000008465,2024-09-19 22:16:18,TDB_CUST_5214938,TSLA,BUY,1,638.02
TDB_000008466,2024-09-19 22:16:18,TDB_CUST_5214938,TSLA,BUY,1,638.02
TDB_000008467,2024-09-19 22:16:18,TDB_CUST_5214938,TSLA,BUY,1,638.02
TDB_000008468,2024-09-19 22:16:18,TDB_CUST_5214938,TSLA,BUY,1,638.02
TDB_000008469,2024-09-19 22:16:18,TDB_CUST_5214938,TSLA,BUY,1,638.02
TDB_000008470,2024-09-19 22:16:18,TDB_CUST_5214938,TSLA,BUY,1,638.02
TDB_000008471,2024-09-19 22:16:18,TDB_CUST_5214938,TSLA,BUY,1,638.02
TDB_000008472,2024-09-19 22:16:18,TDB_CUST_5214938,TSLA,BUY,1,638.02
TDB_000008473,2024-09-19 22:16:18,TDB_CUST_5214938,TSLA,BUY,1,638.02
TDB_000008474,2024-09-19 22:16:18,TDB_CUST_5214938,TSLA,BUY,1,638.02
TDB_000008475,2024-09-19 22:16:18,TDB_CUST_5214938,TSLA,BUY,1,638.02
TDB_000008476,2024-09-19 22:16:18,TDB_CUST_5214938,TSLA,BUY,1,638.02
TDB_000008477,2024-09-19 22:16:18,TDB_CUST_5214938,TSLA,BUY,1,638.02
TDB_000008478,2024-09-19 22:16:18,TDB_CUST_5214938,TSLA,BUY,1,638.02
TDB_000008479,2024-09-19 22:16:18,TDB_CUST_5214938,TSLA,BUY,1,638.02
TDB_000008480,2024-09-19 22:16:18,TDB_CUST_5214938,TSLA,BUY,1,638.02
TDB_000008481,2024-09-19 22:16:18,TDB_CUST_5214938,TSLA,BUY,1,638.02
TDB_000008482,2024-09-19 22:16:18,TDB_CUST_5214938,TSLA,BUY,1,638.02
TDB_000008483,2024-09-19 22:16:18,TDB_CUST_5214938,TSLA,BUY,1,638.02
TDB_000008484,2024-09-19 22:16:18,TDB_CUST_5214938,TSLA,BUY,1,638.02
TDB_000008485,2024-09-19 22:16:18,TDB_CUST_5214938,TSLA,BUY,1,638.02
TDB_000008486,2024-09-19 22:16:18,TDB_CUST_5214938,TSLA,BUY,1,638.02
TDB_000008487,2024-09-19 22:16:18,TDB_CUST_5214938,TSLA,BUY,1,638.02
TDB_000008488,2024-09-19 22:16:18,TDB_CUST_5214938,TSLA,BUY,1,638.02
TDB_000008489,2024-09-19 22:16:18,TDB_CUST_5214938,TSLA,BUY,1,638.02
TDB_000008490,2024-09-19 22:16:18,TDB_CUST_5214938,TSLA,BUY,1,638.02
TDB_000008491,2024-09-19 22:16:18,TDB_CUST_5214938,TSLA,BUY,1,638.02
TDB_000008492,2024-09-19 22:16:18,TDB_CUST_5214938,TSLA,BUY,1,638.02
TDB_000008493,2024-09-19 22:16:18,TDB_CUST_5214938,TSLA,BUY,1,638.02
TDB_000008494,2024-09-19 22:16:18,TDB_CUST_5214938,TSLA,BUY,1,638.02
TDB_000008495,2024-09-19 22:16:18,TDB_CUST_5214938,TSLA,BUY,1,638.02
TDB_000008496,2024-09-19 22:16:18,TDB_CUST_5214938,TSLA,BUY,1,638.02
TDB_000008497,2024-09-19 22:16:18,TDB_CUST_5214938,TSLA,BUY,1,638.02
TDB_000008498,2024-09-19 22:16:18,TDB_CUST_5214938,TSLA,BUY,1,638.02
TDB_000008499,2024-09-19 22:16:18,TDB_CUST_5214938,TSLA,BUY,1,638.02
TDB_000008500,2024-09-19 22:16:18,TDB_CUST_5214938,TSLA,BUY,1,638.02
TDB_000008501,2024-09-19 22:16:18,TDB_CUST_5214938,TSLA,BUY,1,638.02
TDB_000008502,2024-09-19 22:16:18,TDB_CUST_5214938,TSLA,BUY,1,638.02
TDB_000008503,2024-09-19 22:16:18,TDB_CUST_5214938,TSLA,BUY,1,638.02
TDB_000008504,2024-09-19 22:16:18,TDB_CUST_5214938,TSLA,BUY,1,638.02
TDB_000008505,2024-09-19 22:16:18,TDB_CUST_5214938,TSLA,BUY,1,638.02
TDB_000008506,2024-09-19 22:16:18,TDB_CUST_5214938,TSLA,BUY,1,638.02
TDB_000008507,2024-09-19 22:16:18,TDB_CUST_5214938,TSLA,BUY,1,638.02
TDB_000008508,2024-09-19 22:16:18,TDB_CUST_5214938,TSLA,BUY,1,638.02
TDB_000008509,2024-09-19 22:16:18,TDB_CUST_5214938,TSLA,BUY,1,638.02
TDB_000008510,2024-09-19 22:16:18,TDB_CUST_5214938,TSLA,BUY,1,638.02
TDB_000008511,2024-09-19 22:16:18,TDB_CUST_5214938,TSLA,BUY,1,638.02
TDB_000008512,2024-09-19 22:16:18,TDB_CUST_5214938,TSLA,BUY,1,638.02
TDB_000008513,2024-09-19 22:16:18,TDB_CUST_5214938,TSLA,BUY,1,638.02
TDB_000008514,2024-09-19 22:16:18,TDB_CUST_5214938,TSLA,BUY,1,638.02
TDB_000008515,2024-09-19 22:16:18,TDB_CUST_5214938,TSLA,BUY,1,638.02
TDB_000008516,2024-09-19 22:16:18,TDB_CUST_5214938,TSLA,BUY,1,638.02
TDB_000008517,2024-09-19 22:16:18,TDB_CUST_5214938,TSLA,BUY,1,638.02
TDB_000008518,2024-09-19 22:16:18,TDB_CUST_5214938,TSLA,BUY,1,638.02
TDB_000008519,2024-09-19 22:16:18,TDB_CUST_5214938,TSLA,BUY,1,638.02
TDB_000008520,2024-09-19 22:16:18,TDB_CUST_5214938,TSLA,BUY,1,638.02
TDB_000008521,2024-09-19 22:16:18,TDB_CUST_5214938,TSLA,BUY,1,638.02
TDB_000008522,2024-09-19 22:16:18,TDB_CUST_5214938,TSLA,BUY,1,638.02
TDB_000008523,2024-09-19 22:16:18,TDB_CUST_5214938,TSLA,BUY,1,638.02
TDB_000008524,2024-09-19 22:16:18,TDB_CUST_5214938,TSLA,BUY,1,638.02
TDB_000008525,2024-09-19 22:16:18,TDB_CUST_5214938,TSLA,BUY,1,638.02
TDB_000008526,2024-09-19 22:16:18,TDB_CUST_5214938,TSLA,BUY,1,638.02
TDB_000008527,2024-09-19 22:16:18,TDB_CUST_5214938,TSLA,BUY,1,638.02
TDB_000008528,2024-09-19 22:16:18,TDB_CUST_5214938,TSLA,BUY,1,638.02
TDB_000008529,2024-09-19 22:16:18,TDB_CUST_5214938,TSLA,BUY,1,638.02
TDB_000008530,2024-09-19 22:16:18,TDB_CUST_5214938,TSLA,BUY,1,638.02
TDB_000008531,2024-09-19 22:16:18,TDB_CUST_5214938,TSLA,BUY,1,638.02
TDB_000008532,2024-09-19 22:16:18,TDB_CUST_5214938,TSLA,BUY,1,638.02
TDB_000008533,2024-09-19 22:16:18,TDB_CUST_5214938,TSLA,BUY,1,638.02
TDB_000008534,2024-09-19 22:16:18,TDB_CUST_5214938,TSLA,BUY,1,638.02
TDB_000008535,2024-09-19 22:16:18,TDB_CUST_5214938,TSLA,BUY,1,638.02
TDB_000008536,2024-09-19 22:16:18,TDB_CUST_5214938,TSLA,BUY,1,638.02
TDB_000008537,2024-09-19 22:16:18,TDB_CUST_5214938,TSLA,BUY,1,638.02
TDB_000008538,2024-09-19 22:16:18,TDB_CUST_5214938,TSLA,BUY,1,638.02
TDB_000008539,2024-09-19 22:16:18,TDB_CUST_5214938,TSLA,BUY,1,638.02
TDB_000008540,2024-09-19 22:16:18,TDB_CUST_5214938,TSLA,BUY,1,638.02
TDB_000008541,2024-09-19 22:16:18,TDB_CUST_5214938,TSLA,BUY,1,638.02
TDB_000008542,2024-09-19 22:16:18,TDB_CUST_5214938,TSLA,BUY,1,638.02
TDB_000008543,2024-09-19 22:16:18,TDB_CUST_5214938,TSLA,BUY,1,638.02
TDB_000008544,2024-09-19 22:16:18,TDB_CUST_5214938,TSLA,BUY,1,638.02
TDB_000008545,2024-09-19 22:16:18,TDB_CUST_5214938,TSLA,BUY,1,638.02
TDB_000008546,2024-09-19 22:16:18,TDB_CUST_5214938,TSLA,BUY,1,638.02
TDB_000008547,2024-09-19 22:16:18,TDB_CUST_5214938,TSLA,BUY,1,638.02
TDB_000008548,2024-09-19 22:16:18,TDB_CUST_5214938,TSLA,BUY,1,638.02
TDB_000008549,2024-09-19 22:16:18,TDB_CUST_5214938,TSLA,BUY,1,638.02
TDB_000008550,2024-09-19 22:16:18,TDB_CUST_5214938,TSLA,BUY,1,638.02
TDB_000008551,2024-09-19 22:16:18,TDB_CUST_5214938,TSLA,BUY,1,638.02
TDB_000008552,2024-09-19 22:16:18,TDB_CUST_5214938,TSLA,BUY,1,638.02
TDB_000008553,2024-09-19 22:16:18,TDB_CUST_5214938,TSLA,BUY,1,638.02
TDB_000008554,2024-09-19 22:16:18,TDB_CUST_5214938,TSLA,BUY,1,638.02
TDB_000008555,2024-09-19 22:16:18,TDB_CUST_5214938,TSLA,BUY,1,638.02
TDB_000008556,2024-09-19 22:16:18,TDB_CUST_5214938,TSLA,BUY,1,638.02
TDB_000008557,2024-09-19 22:16:18,TDB_CUST_5214938,TSLA,BUY,1,638.02
TDB_000008558,2024-09-19 22:16:18,TDB_CUST_5214938,TSLA,BUY,1,638.02
TDB_000008559,2024-09-19 22:16:18,TDB_CUST_5214938,TSLA,BUY,1,638.02
TDB_000008560,2024-09-19 22:16:18,TDB_CUST_5214938,TSLA,BUY,1,638.02
TDB_000008561,2024-09-19 22:16:18,TDB_CUST_5214938,TSLA,BUY,1,638.02
TDB_000008562,2024-09-19 22:16:18,TDB_CUST_5214938,TSLA,BUY,1,638.02
TDB_000008563,2024-09-19 22:16:18,TDB_CUST_5214938,TSLA,BUY,1,638.02
TDB_000008564,2024-09-19 22:16:18,TDB_CUST_5214938,TSLA,BUY,1,638.02
TDB_000008565,2024-09-19 22:16:18,TDB_CUST_5214938,TSLA,BUY,1,638.02
TDB_000008566,2024-09-19 22:16:18,TDB_CUST_5214938,TSLA,BUY,1,638.02
TDB_000008567,2024-09-19 22:16:18,TDB_CUST_5214938,TSLA,BUY,1,638.02
TDB_000008568,2024-09-19 22:16:18,TDB_CUST_5214938,TSLA,BUY,1,638.02
TDB_000008569,2024-09-19 22:16:18,TDB_CUST_5214938,TSLA,BUY,1,638.02
TDB_000008570,2024-09-19 22:16:18,TDB_CUST_5214938,TSLA,BUY,1,638.02
TDB_000008571,2024-09-19 22:16:18,TDB_CUST_5214938,TSLA,BUY,1,638.02
TDB_000008572,2024-09-19 22:16:18,TDB_CUST_5214938,TSLA,BUY,1,638.02
TDB_000008573,2024-09-19 22:16:18,TDB_CUST_5214938,TSLA,BUY,1,638.02
TDB_000008574,2024-09-19 22:16:18,TDB_CUST_5214938,TSLA,BUY,1,638.02
TDB_000008575,2024-09-19 22:16:18,TDB_CUST_5214938,TSLA,BUY,1,638.02
TDB_000008576,2024-09-19 22:16:18,TDB_CUST_5214938,TSLA,BUY,1,638.02
TDB_000008577,2024-09-19 22:16:18,TDB_CUST_5214938,TSLA,BUY,1,638.02
TDB_000008578,2024-09-19 22:16:18,TDB_CUST_5214938,TSLA,BUY,1,638.02
TDB_000008579,2024-09-19 22:16:18,TDB_CUST_5214938,TSLA,BUY,1,638.02
TDB_000008580,2024-09-19 22:16:18,TDB_CUST_5214938,TSLA,BUY,1,638.02
TDB_000008581,2024-09-19 22:16:18,TDB_CUST_5214938,TSLA,BUY,1,638.02
TDB_000008582,2024-09-19 22:16:18,TDB_CUST_5214938,TSLA,BUY,1,638.02
TDB_000008583,2024-09-19 22:16:18,TDB_CUST_5214938,TSLA,BUY,1,638.02
TDB_000008584,2024-09-19 22:16:18,TDB_CUST_5214938,TSLA,BUY,1,638.02
TDB_000008585,2024-09-19 22:16:18,TDB_CUST_5214938,TSLA,BUY,1,638.02
TDB_000008586,2024-09-19 22:16:18,TDB_CUST_5214938,TSLA,BUY,1,638.02
TDB_000008587,2024-09-19 22:16:18,TDB_CUST_5214938,TSLA,BUY,1,638.02
TDB_000008588,2024-09-19 22:16:18,TDB_CUST_5214938,TSLA,BUY,1,638.02
TDB_000008589,2024-09-19 22:16:18,TDB_CUST_5214938,TSLA,BUY,1,638.02
TDB_000008590,2024-09-19 22:16:18,TDB_CUST_5214938,TSLA,BUY,1,638.02
TDB_000008591,2024-09-19 22:16:18,TDB_CUST_5214938,TSLA,BUY,1,638.02
TDB_000008592,2024-09-19 22:16:18,TDB_CUST_5214938,TSLA,BUY,1,638.02
TDB_000008593,2024-09-19 22:16:18,TDB_CUST_5214938,TSLA,BUY,1,638.02
TDB_000008594,2024-09-19 22:16:18,TDB_CUST_5214938,TSLA,BUY,1,638.02
TDB_000008595,2024-09-19 22:16:18,TDB_CUST_5214938,TSLA,BUY,1,638.02
TDB_000008596,2024-09-19 22:16:18,TDB_CUST_5214938,TSLA,BUY,1,638.02
TDB_000008597,2024-09-19 22:16:18,TDB_CUST_5214938,TSLA,BUY,1,638.02
TDB_000008598,2024-09-19 22:16:18,TDB_CUST_5214938,TSLA,BUY,1,638.02
TDB_000008599,2024-09-19 22:16:18,TDB_CUST_5214938,TSLA,BUY,1,638.02
TDB_000008600,2024-09-19 22:16:18,TDB_CUST_5214938,TSLA,BUY,1,638.02
TDB_000008601,2024-09-19 22:16:18,TDB_CUST_5214938,TSLA,BUY,1,638.02
TDB_000008602,2024-09-19 22:16:18,TDB_CUST_5214938,TSLA,BUY,1,638.02
TDB_000008603,2024-09-19 22:16:18,TDB_CUST_5214938,TSLA,BUY,1,638.02
TDB_000008604,2024-09-19 22:16:18,TDB_CUST_5214938,TSLA,BUY,1,638.02
TDB_000008605,2024-09-19 22:16:18,TDB_CUST_5214938,TSLA,BUY,1,638.02
TDB_000008606,2024-09-19 22:16:18,TDB_CUST_5214938,TSLA,BUY,1,638.02
TDB_000008607,2024-09-19 22:16:18,TDB_CUST_5214938,TSLA,BUY,1,638.02
TDB_000008608,2024-09-19 22:16:18,TDB_CUST_5214938,TSLA,BUY,1,638.02
TDB_000008609,2024-09-19 22:16:18,TDB_CUST_5214938,TSLA,BUY,1,638.02
TDB_000008610,2024-09-19 22:16:18,TDB_CUST_5214938,TSLA,BUY,1,638.02
TDB_000008611,2024-09-19 22:16:18,TDB_CUST_5214938,TSLA,BUY,1,638.02
TDB_000008612,2024-09-19 22:16:18,TDB_CUST_5214938,TSLA,BUY,1,638.02
TDB_000008613,2024-09-19 22:16:18,TDB_CUST_5214938,TSLA,BUY,1,638.02
TDB_000008614,2024-09-19 22:16:18,TDB_CUST_5214938,TSLA,BUY,1,638.02
TDB_000008615,2024-09-19 22:16:18,TDB_CUST_5214938,TSLA,BUY,1,638.02
TDB_000008616,2024-09-19 22:16:18,TDB_CUST_5214938,TSLA,BUY,1,638.02
TDB_000008617,2024-09-19 22:16:18,TDB_CUST_5214938,TSLA,BUY,1,638.02
TDB_000008618,2024-09-19 22:16:18,TDB_CUST_5214938,TSLA,BUY,1,638.02
TDB_000008619,2024-09-19 22:16:18,TDB_CUST_5214938,TSLA,BUY,1,638.02
TDB_000008620,2024-09-19 22:16:18,TDB_CUST_5214938,TSLA,BUY,1,638.02
TDB_000008621,2024-09-19 22:16:18,TDB_CUST_5214938,TSLA,BUY,1,638.02
TDB_000008622,2024-09-19 22:16:18,TDB_CUST_5214938,TSLA,BUY,1,638.02
TDB_000008623,2024-09-19 22:16:18,TDB_CUST_5214938,TSLA,BUY,1,638.02
TDB_000008624,2024-09-19 22:16:18,TDB_CUST_5214938,TSLA,BUY,1,638.02
TDB_000008625,2024-09-19 22:16:18,TDB_CUST_5214938,TSLA,BUY,1,638.02
TDB_000008626,2024-09-19 22:16:18,TDB_CUST_5214938,TSLA,BUY,1,638.02
TDB_000008627,2024-09-19 22:16:18,TDB_CUST_5214938,TSLA,BUY,1,638.02
TDB_000008628,2024-09-19 22:16:18,TDB_CUST_5214938,TSLA,BUY,1,638.02
TDB_000008629,2024-09-19 22:16:18,TDB_CUST_5214938,TSLA,BUY,1,638.02
TDB_000008630,2024-09-19 22:16:18,TDB_CUST_5214938,TSLA,BUY,1,638.02
TDB_000008631,2024-09-19 22:16:18,TDB_CUST_5214938,TSLA,BUY,1,638.02
TDB_000008632,2024-09-19 22:16:18,TDB_CUST_5214938,TSLA,BUY,1,638.02
TDB_000008633,2024-09-19 22:16:18,TDB_CUST_5214938,TSLA,BUY,1,638.02
TDB_000008634,2024-09-19 22:16:18,TDB_CUST_5214938,TSLA,BUY,1,638.02
TDB_000008635,2024-09-19 22:16:18,TDB_CUST_5214938,TSLA,BUY,1,638.02
TDB_000008636,2024-09-19 22:16:18,TDB_CUST_5214938,TSLA,BUY,1,638.02
TDB_000008637,2024-09-19 22:16:18,TDB_CUST_5214938,TSLA,BUY,1,638.02
TDB_000008638,2024-09-19 22:16:18,TDB_CUST_5214938,TSLA,BUY,1,638.02
TDB_000008639,2024-09-19 22:16:18,TDB_CUST_5214938,TSLA,BUY,1,638.02
TDB_000008640,2024-09-19 22:16:18,TDB_CUST_5214938,TSLA,BUY,1,638.02
TDB_000008641,2024-09-19 22:16:18,TDB_CUST_5214938,TSLA,BUY,1,638.02
TDB_000008642,2024-09-19 22:16:18,TDB_CUST_5214938,TSLA,BUY,1,638.02
TDB_000008643,2024-09-19 22:16:18,TDB_CUST_5214938,TSLA,BUY,1,638.02
TDB_000008644,2024-09-19 22:16:18,TDB_CUST_5214938,TSLA,BUY,1,638.02
TDB_000008645,2024-09-19 22:16:18,TDB_CUST_5214938,TSLA,BUY,1,638.02
TDB_000008646,2024-09-19 22:16:18,TDB_CUST_5214938,TSLA,BUY,1,638.02
TDB_000008647,2024-09-19 22:16:18,TDB_CUST_5214938,TSLA,BUY,1,638.02
TDB_000008648,2024-09-19 22:16:18,TDB_CUST_5214938,TSLA,BUY,1,638.02
TDB_000008649,2024-09-19 22:16:18,TDB_CUST_5214938,TSLA,BUY,1,638.02
TDB_000008650,2024-09-19 22:16:18,TDB_CUST_5214938,TSLA,BUY,1,638.02
TDB_000008651,2024-09-19 22:16:18,TDB_CUST_5214938,TSLA,BUY,1,638.02
TDB_000008652,2024-09-19 22:16:18,TDB_CUST_5214938,TSLA,BUY,1,638.02
TDB_000008653,2024-09-19 22:16:18,TDB_CUST_5214938,TSLA,BUY,1,638.02
TDB_000008654,2024-09-19 22:16:18,TDB_CUST_5214938,TSLA,BUY,1,638.02
TDB_000008655,2024-09-19 22:16:18,TDB_CUST_5214938,TSLA,BUY,1,638.02
TDB_000008656,2024-09-19 22:16:18,TDB_CUST_5214938,TSLA,BUY,1,638.02
TDB_000008657,2024-09-19 22:16:18,TDB_CUST_5214938,TSLA,BUY,1,638.02
TDB_000008658,2024-09-19 22:16:18,TDB_CUST_5214938,TSLA,BUY,1,638.02
TDB_000008659,2024-09-19 22:16:18,TDB_CUST_5214938,TSLA,BUY,1,638.02
TDB_000008660,2024-09-19 22:16:18,TDB_CUST_5214938,TSLA,BUY,1,638.02
TDB_000008661,2024-09-19 22:16:18,TDB_CUST_5214938,TSLA,BUY,1,638.02
TDB_000008662,2024-09-19 22:16:18,TDB_CUST_5214938,TSLA,BUY,1,638.02
TDB_000008663,2024-09-19 22:16:18,TDB_CUST_5214938,TSLA,BUY,1,638.02
TDB_000008664,2024-09-19 22:16:18,TDB_CUST_5214938,TSLA,BUY,1,638.02
TDB_000008665,2024-09-19 22:16:18,TDB_CUST_5214938,TSLA,BUY,1,638.02
TDB_000008666,2024-09-19 22:16:18,TDB_CUST_5214938,TSLA,BUY,1,638.02
TDB_000008667,2024-09-19 22:16:18,TDB_CUST_5214938,TSLA,BUY,1,638.02
TDB_000008668,2024-09-19 22:16:18,TDB_CUST_5214938,TSLA,BUY,1,638.02
TDB_000008669,2024-09-19 22:16:18,TDB_CUST_5214938,TSLA,BUY,1,638.02
TDB_000008670,2024-09-19 22:16:18,TDB_CUST_5214938,TSLA,BUY,1,638.02
TDB_000008671,2024-09-19 22:16:18,TDB_CUST_5214938,TSLA,BUY,1,638.02
TDB_000008672,2024-09-19 22:16:18,TDB_CUST_5214938,TSLA,BUY,1,638.02
TDB_000008673,2024-09-19 22:16:18,TDB_CUST_5214938,TSLA,BUY,1,638.02
TDB_000008674,2024-09-19 22:16:18,TDB_CUST_5214938,TSLA,BUY,1,638.02
TDB_000008675,2024-09-19 22:16:18,TDB_CUST_5214938,TSLA,BUY,1,638.02
TDB_000008676,2024-09-19 22:16:18,TDB_CUST_5214938,TSLA,BUY,1,638.02
TDB_000008677,2024-09-19 22:16:18,TDB_CUST_5214938,TSLA,BUY,1,638.02
TDB_000008678,2024-09-19 22:16:18,TDB_CUST_5214938,TSLA,BUY,1,638.02
TDB_000008679,2024-09-19 22:16:18,TDB_CUST_5214938,TSLA,BUY,1,638.02
TDB_000008680,2024-09-19 22:16:18,TDB_CUST_5214938,TSLA,BUY,1,638.02
TDB_000008681,2024-09-19 22:16:18,TDB_CUST_5214938,TSLA,BUY,1,638.02
TDB_000008682,2024-09-19 22:16:18,TDB_CUST_5214938,TSLA,BUY,1,638.02
TDB_000008683,2024-09-19 22:16:18,TDB_CUST_5214938,TSLA,BUY,1,638.02
TDB_000008684,2024-09-19 22:16:18,TDB_CUST_5214938,TSLA,BUY,1,638.02
TDB_000008685,2024-09-19 22:16:18,TDB_CUST_5214938,TSLA,BUY,1,638.02
TDB_000008686,2024-09-19 22:16:18,TDB_CUST_5214938,TSLA,BUY,1,638.02
TDB_000008687,2024-09-19 22:16:18,TDB_CUST_5214938,TSLA,BUY,1,638.02
TDB_000008688,2024-09-19 22:16:18,TDB_CUST_5214938,TSLA,BUY,1,638.02
TDB_000008689,2024-09-19 22:16:18,TDB_CUST_5214938,TSLA,BUY,1,638.02
TDB_000008690,2024-09-19 22:16:18,TDB_CUST_5214938,TSLA,BUY,1,638.02
TDB_000008691,2024-09-19 22:16:18,TDB_CUST_5214938,TSLA,BUY,1,638.02
TDB_000008692,2024-09-19 22:16:18,TDB_CUST_5214938,TSLA,BUY,1,638.02
TDB_000008693,2024-09-19 22:16:18,TDB_CUST_5214938,TSLA,BUY,1,638.02
TDB_000008694,2024-09-19 22:16:18,TDB_CUST_5214938,TSLA,BUY,1,638.02
TDB_000008695,2024-09-19 22:16:18,TDB_CUST_5214938,TSLA,BUY,1,638.02
TDB_000008696,2024-09-19 22:16:18,TDB_CUST_5214938,TSLA,BUY,1,638.02
TDB_000008697,2024-09-19 22:16:18,TDB_CUST_5214938,TSLA,BUY,1,638.02
TDB_000008698,2024-09-19 22:16:18,TDB_CUST_5214938,TSLA,BUY,1,638.02
TDB_000008699,2024-09-19 22:16:18,TDB_CUST_5214938,TSLA,BUY,1,638.02
TDB_000008700,2024-09-19 22:16:18,TDB_CUST_5214938,TSLA,BUY,1,638.02
TDB_000008701,2024-09-19 22:16:18,TDB_CUST_5214938,TSLA,BUY,1,638.02
TDB_000008702,2024-09-19 22:16:18,TDB_CUST_5214938,TSLA,BUY,1,638.02
TDB_000008703,2024-09-19 22:16:18,TDB_CUST_5214938,TSLA,BUY,1,638.02
TDB_000008704,2024-09-19 22:16:18,TDB_CUST_5214938,TSLA,BUY,1,638.02
TDB_000008705,2024-09-19 22:16:18,TDB_CUST_5214938,TSLA,BUY,1,638.02
TDB_000008706,2024-09-19 22:16:18,TDB_CUST_5214938,TSLA,BUY,1,638.02
TDB_000008707,2024-09-19 22:16:18,TDB_CUST_5214938,TSLA,BUY,1,638.02
TDB_000008708,2024-09-19 22:16:18,TDB_CUST_5214938,TSLA,BUY,1,638.02
TDB_000008709,2024-09-19 22:16:18,TDB_CUST_5214938,TSLA,BUY,1,638.02
TDB_000008710,2024-09-19 22:16:18,TDB_CUST_5214938,TSLA,BUY,1,638.02
TDB_000008711,2024-09-19 22:16:18,TDB_CUST_5214938,TSLA,BUY,1,638.02
TDB_000008712,2024-09-19 22:16:18,TDB_CUST_5214938,TSLA,BUY,1,638.02
TDB_000008713,2024-09-19 22:16:18,TDB_CUST_5214938,TSLA,BUY,1,638.02
TDB_000008714,2024-09-19 22:16:18,TDB_CUST_5214938,TSLA,BUY,1,638.02
TDB_000008715,2024-09-19 22:16:18,TDB_CUST_5214938,TSLA,BUY,1,638.02
TDB_000008716,2024-09-19 22:16:18,TDB_CUST_5214938,TSLA,BUY,1,638.02
TDB_000008717,2024-09-19 22:16:18,TDB_CUST_5214938,TSLA,BUY,1,638.02
TDB_000008718,2024-09-19 22:16:18,TDB_CUST_5214938,TSLA,BUY,1,638.02
TDB_000008719,2024-09-19 22:16:18,TDB_CUST_5214938,TSLA,BUY,1,638.02
TDB_000008720,2024-09-19 22:16:18,TDB_CUST_5214938,TSLA,BUY,1,638.02
TDB_000008721,2024-09-19 22:16:18,TDB_CUST_5214938,TSLA,BUY,1,638.02
TDB_000008722,2024-09-19 22:16:18,TDB_CUST_5214938,TSLA,BUY,1,638.02
TDB_000008723,2024-09-19 22:16:18,TDB_CUST_5214938,TSLA,BUY,1,638.02
TDB_000008724,2024-09-19 22:16:18,TDB_CUST_5214938,TSLA,BUY,1,638.02
TDB_000008725,2024-09-19 22:16:18,TDB_CUST_5214938,TSLA,BUY,1,638.02
TDB_000008726,2024-09-19 22:16:18,TDB_CUST_5214938,TSLA,BUY,1,638.02
TDB_000008727,2024-09-19 22:16:18,TDB_CUST_5214938,TSLA,BUY,1,638.02
TDB_000008728,2024-09-19 22:16:18,TDB_CUST_5214938,TSLA,BUY,1,638.02
TDB_000008729,2024-09-19 22:16:18,TDB_CUST_5214938,TSLA,BUY,1,638.02
TDB_000008730,2024-09-19 22:16:18,TDB_CUST_5214938,TSLA,BUY,1,638.02
TDB_000008731,2024-09-19 22:16:18,TDB_CUST_5214938,TSLA,BUY,1,638.02
TDB_000008732,2024-09-19 22:16:18,TDB_CUST_5214938,TSLA,BUY,1,638.02
TDB_000008733,2024-09-19 22:16:18,TDB_CUST_5214938,TSLA,BUY,1,638.02
TDB_000008734,2024-09-19 22:16:18,TDB_CUST_5214938,TSLA,BUY,1,638.02
TDB_000008735,2024-09-19 22:16:18,TDB_CUST_5214938,TSLA,BUY,1,638.02
TDB_000008736,2024-09-19 22:16:18,TDB_CUST_5214938,TSLA,BUY,1,638.02
TDB_000008737,2024-09-19 22:16:18,TDB_CUST_5214938,TSLA,BUY,1,638.02
TDB_000008738,2024-09-19 22:16:18,TDB_CUST_5214938,TSLA,BUY,1,638.02
TDB_000008739,2024-09-19 22:16:18,TDB_CUST_5214938,TSLA,BUY,1,638.02
TDB_000008740,2024-09-19 22:16:18,TDB_CUST_5214938,TSLA,BUY,1,638.02
TDB_000008741,2024-09-19 22:16:18,TDB_CUST_5214938,TSLA,BUY,1,638.02
TDB_000008742,2024-09-19 22:16:18,TDB_CUST_5214938,TSLA,BUY,1,638.02
TDB_000008743,2024-09-19 22:16:18,TDB_CUST_5214938,TSLA,BUY,1,638.02
TDB_000008744,2024-09-19 22:16:18,TDB_CUST_5214938,TSLA,BUY,1,638.02
TDB_000008745,2024-09-19 22:16:18,TDB_CUST_5214938,TSLA,BUY,1,638.02
TDB_000008746,2024-09-19 22:16:18,TDB_CUST_5214938,TSLA,BUY,1,638.02
TDB_000008747,2024-09-19 22:16:18,TDB_CUST_5214938,TSLA,BUY,1,638.02
TDB_000008748,2024-09-19 22:16:18,TDB_CUST_5214938,TSLA,BUY,1,638.02
TDB_000008749,2024-09-19 22:16:18,TDB_CUST_5214938,TSLA,BUY,1,638.02
TDB_000008750,2024-09-19 22:16:18,TDB_CUST_5214938,TSLA,BUY,1,638.02
TDB_000008751,2024-09-19 22:16:18,TDB_CUST_5214938,TSLA,BUY,1,638.02
TDB_000008752,2024-09-19 22:16:18,TDB_CUST_5214938,TSLA,BUY,1,638.02
TDB_000008753,2024-09-19 22:16:18,TDB_CUST_5214938,TSLA,BUY,1,638.02
TDB_000008754,2024-09-19 22:16:18,TDB_CUST_5214938,TSLA,BUY,1,638.02
TDB_000008755,2024-09-19 22:16:18,TDB_CUST_5214938,TSLA,BUY,1,638.02
TDB_000008756,2024-09-19 22:16:18,TDB_CUST_5214938,TSLA,BUY,1,638.02
TDB_000008757,2024-09-19 22:16:18,TDB_CUST_5214938,TSLA,BUY,1,638.02
TDB_000008758,2024-09-19 22:16:18,TDB_CUST_5214938,TSLA,BUY,1,638.02
TDB_000008759,2024-09-19 22:16:18,TDB_CUST_5214938,TSLA,BUY,1,638.02
TDB_000008760,2024-09-19 22:16:18,TDB_CUST_5214938,TSLA,BUY,1,638.02
TDB_000008761,2024-09-19 22:16:18,TDB_CUST_5214938,TSLA,BUY,1,638.02
TDB_000008762,2024-09-19 22:16:18,TDB_CUST_5214938,TSLA,BUY,1,638.02
TDB_000008763,2024-09-19 22:16:18,TDB_CUST_5214938,TSLA,BUY,1,638.02
TDB_000008764,2024-09-19 22:16:18,TDB_CUST_5214938,TSLA,BUY,1,638.02
TDB_000008765,2024-09-19 22:16:18,TDB_CUST_5214938,TSLA,BUY,1,638.02
TDB_000008766,2024-09-19 22:16:18,TDB_CUST_5214938,TSLA,BUY,1,638.02
TDB_000008767,2024-09-19 22:16:18,TDB_CUST_5214938,TSLA,BUY,1,638.02
TDB_000008768,2024-09-19 22:16:18,TDB_CUST_5214938,TSLA,BUY,1,638.02
TDB_000008769,2024-09-19 22:16:18,TDB_CUST_5214938,TSLA,BUY,1,638.02
TDB_000008770,2024-09-19 22:16:18,TDB_CUST_5214938,TSLA,BUY,1,638.02
TDB_000008771,2024-09-19 22:16:18,TDB_CUST_5214938,TSLA,BUY,1,638.02
TDB_000008772,2024-09-19 22:16:18,TDB_CUST_5214938,TSLA,BUY,1,638.02
TDB_000008773,2024-09-19 22:16:18,TDB_CUST_5214938,TSLA,BUY,1,638.02
TDB_000008774,2024-09-19 22:16:18,TDB_CUST_5214938,TSLA,BUY,1,638.02
TDB_000008775,2024-09-19 22:16:18,TDB_CUST_5214938,TSLA,BUY,1,638.02
TDB_000008776,2024-09-19 22:16:18,TDB_CUST_5214938,TSLA,BUY,1,638.02
TDB_000008777,2024-09-19 22:16:18,TDB_CUST_5214938,TSLA,BUY,1,638.02
TDB_000008778,2024-09-19 22:16:18,TDB_CUST_5214938,TSLA,BUY,1,638.02
TDB_000008779,2024-09-19 22:16:18,TDB_CUST_5214938,TSLA,BUY,1,638.02
TDB_000008780,2024-09-19 22:16:18,TDB_CUST_5214938,TSLA,BUY,1,638.02
TDB_000008781,2024-09-19 22:16:18,TDB_CUST_5214938,TSLA,BUY,1,638.02
TDB_000008782,2024-09-19 22:16:18,TDB_CUST_5214938,TSLA,BUY,1,638.02
TDB_000008783,2024-09-19 22:16:18,TDB_CUST_5214938,TSLA,BUY,1,638.02
TDB_000008784,2024-09-19 22:16:18,TDB_CUST_5214938,TSLA,BUY,1,638.02
TDB_000008785,2024-09-19 22:16:18,TDB_CUST_5214938,TSLA,BUY,1,638.02
TDB_000008786,2024-09-19 22:16:18,TDB_CUST_5214938,TSLA,BUY,1,638.02
TDB_000008787,2024-09-19 22:16:18,TDB_CUST_5214938,TSLA,BUY,1,638.02
TDB_000008788,2024-09-19 22:16:18,TDB_CUST_5214938,TSLA,BUY,1,638.02
TDB_000008789,2024-09-19 22:16:18,TDB_CUST_5214938,TSLA,BUY,1,638.02
TDB_000008790,2024-09-19 22:16:18,TDB_CUST_5214938,TSLA,BUY,1,638.02
TDB_000008791,2024-09-19 22:16:18,TDB_CUST_5214938,TSLA,BUY,1,638.02
TDB_000008792,2024-09-19 22:16:18,TDB_CUST_5214938,TSLA,BUY,1,638.02
TDB_000008793,2024-09-19 22:16:18,TDB_CUST_5214938,TSLA,BUY,1,638.02
TDB_000008794,2024-09-19 22:16:18,TDB_CUST_5214938,TSLA,BUY,1,638.02
TDB_000008795,2024-09-19 22:16:18,TDB_CUST_5214938,TSLA,BUY,1,638.02
TDB_000008796,2024-09-19 22:16:18,TDB_CUST_5214938,TSLA,BUY,1,638.02
TDB_000008797,2024-09-19 22:16:18,TDB_CUST_5214938,TSLA,BUY,1,638.02
TDB_000008798,2024-09-19 22:16:18,TDB_CUST_5214938,TSLA,BUY,1,638.02
TDB_000008799,2024-09-19 22:16:18,TDB_CUST_5214938,TSLA,BUY,1,638.02
TDB_000008800,2024-09-19 22:16:18,TDB_CUST_5214938,TSLA,BUY,1,638.02
TDB_000008801,2024-09-19 22:16:18,TDB_CUST_5214938,TSLA,BUY,1,638.02
TDB_000008802,2024-09-19 22:16:18,TDB_CUST_5214938,TSLA,BUY,1,638.02
TDB_000008803,2024-09-19 22:16:18,TDB_CUST_5214938,TSLA,BUY,1,638.02
TDB_000008804,2024-09-19 22:16:18,TDB_CUST_5214938,TSLA,BUY,1,638.02
TDB_000008805,2024-09-19 22:16:18,TDB_CUST_5214938,TSLA,BUY,1,638.02
TDB_000008806,2024-09-19 22:16:18,TDB_CUST_5214938,TSLA,BUY,1,638.02
TDB_000008807,2024-09-19 22:16:18,TDB_CUST_5214938,TSLA,BUY,1,638.02
TDB_000008808,2024-09-19 22:16:18,TDB_CUST_5214938,TSLA,BUY,1,638.02
TDB_000008809,2024-09-19 22:16:18,TDB_CUST_5214938,TSLA,BUY,1,638.02
TDB_000008810,2024-09-19 22:16:18,TDB_CUST_5214938,TSLA,BUY,1,638.02
TDB_000008811,2024-09-19 22:16:18,TDB_CUST_5214938,TSLA,BUY,1,638.02
TDB_000008812,2024-09-19 22:16:18,TDB_CUST_5214938,TSLA,BUY,1,638.02
TDB_000008813,2024-09-19 22:16:18,TDB_CUST_5214938,TSLA,BUY,1,638.02
TDB_000008814,2024-09-19 22:16:18,TDB_CUST_5214938,TSLA,BUY,1,638.02
TDB_000008815,2024-09-19 22:16:18,TDB_CUST_5214938,TSLA,BUY,1,638.02
TDB_000008816,2024-09-19 22:16:18,TDB_CUST_5214938,TSLA,BUY,1,638.02
TDB_000008817,2024-09-19 22:16:18,TDB_CUST_5214938,TSLA,BUY,1,638.02
TDB_000008818,2024-09-19 22:16:18,TDB_CUST_5214938,TSLA,BUY,1,638.02
TDB_000008819,2024-09-19 22:16:18,TDB_CUST_5214938,TSLA,BUY,1,638.02
TDB_000008820,2024-09-19 22:16:18,TDB_CUST_5214938,TSLA,BUY,1,638.02
TDB_000008821,2024-09-19 22:16:18,TDB_CUST_5214938,TSLA,BUY,1,638.02
TDB_000008822,2024-09-19 22:16:18,TDB_CUST_5214938,TSLA,BUY,1,638.02
TDB_000008823,2024-09-19 22:16:18,TDB_CUST_5214938,TSLA,BUY,1,638.02
TDB_000008824,2024-09-19 22:16:18,TDB_CUST_5214938,TSLA,BUY,1,638.02
TDB_000008825,2024-09-19 22:16:18,TDB_CUST_5214938,TSLA,BUY,1,638.02
TDB_000008826,2024-09-19 22:16:18,TDB_CUST_5214938,TSLA,BUY,1,638.02
TDB_000008827,2024-09-19 22:16:18,TDB_CUST_5214938,TSLA,BUY,1,638.02
TDB_000008828,2024-09-19 22:16:18,TDB_CUST_5214938,TSLA,BUY,1,638.02
TDB_000008829,2024-09-19 22:16:18,TDB_CUST_5214938,TSLA,BUY,1,638.02
TDB_000008830,2024-09-19 22:16:18,TDB_CUST_5214938,TSLA,BUY,1,638.02
TDB_000008831,2024-09-19 22:16:18,TDB_CUST_5214938,TSLA,BUY,1,638.02
TDB_000008832,2024-09-19 22:16:18,TDB_CUST_5214938,TSLA,BUY,1,638.02
TDB_000008833,2024-09-19 22:16:18,TDB_CUST_5214938,TSLA,BUY,1,638.02
TDB_000008834,2024-09-19 22:16:18,TDB_CUST_5214938,TSLA,BUY,1,638.02
TDB_000008835,2024-09-19 22:16:18,TDB_CUST_5214938,TSLA,BUY,1,638.02
TDB_000008836,2024-09-19 22:16:18,TDB_CUST_5214938,TSLA,BUY,1,638.02
TDB_000008837,2024-09-19 22:16:18,TDB_CUST_5214938,TSLA,BUY,1,638.02
TDB_000008838,2024-09-19 22:16:18,TDB_CUST_5214938,TSLA,BUY,1,638.02
TDB_000008839,2024-09-19 22:16:18,TDB_CUST_5214938,TSLA,BUY,1,638.02
TDB_000008840,2024-09-19 22:16:18,TDB_CUST_5214938,TSLA,BUY,1,638.02
TDB_000008841,2024-09-19 22:16:18,TDB_CUST_5214938,TSLA,BUY,1,638.02
TDB_000008842,2024-09-19 22:16:18,TDB_CUST_5214938,TSLA,BUY,1,638.02
TDB_000008843,2024-09-19 22:16:18,TDB_CUST_5214938,TSLA,BUY,1,638.02
TDB_000008844,2024-09-19 22:16:18,TDB_CUST_5214938,TSLA,BUY,1,638.02
TDB_000008845,2024-09-19 22:16:18,TDB_CUST_5214938,TSLA,BUY,1,638.02
TDB_000008846,2024-09-19 22:16:18,TDB_CUST_5214938,TSLA,BUY,1,638.02
TDB_000008847,2024-09-19 22:16:18,TDB_CUST_5214938,TSLA,BUY,1,638.02
TDB_000008848,2024-09-19 22:16:18,TDB_CUST_5214938,TSLA,BUY,1,638.02
TDB_000008849,2024-09-19 22:16:18,TDB_CUST_5214938,TSLA,BUY,1,638.02
TDB_000008850,2024-09-19 22:16:18,TDB_CUST_5214938,TSLA,BUY,1,638.02
TDB_000008851,2024-09-19 22:16:18,TDB_CUST_5214938,TSLA,BUY,1,638.02
TDB_000008852,2024-09-19 22:16:18,TDB_CUST_5214938,TSLA,BUY,1,638.02
TDB_000008853,2024-09-19 22:16:18,TDB_CUST_5214938,TSLA,BUY,1,638.02
TDB_000008854,2024-09-19 22:16:18,TDB_CUST_5214938,TSLA,BUY,1,638.02
TDB_000008855,2024-09-19 22:16:18,TDB_CUST_5214938,TSLA,BUY,1,638.02
TDB_000008856,2024-09-19 22:16:18,TDB_CUST_5214938,TSLA,BUY,1,638.02
TDB_000008857,2024-09-19 22:16:18,TDB_CUST_5214938,TSLA,BUY,1,638.02
TDB_000008858,2024-09-19 22:16:18,TDB_CUST_5214938,TSLA,BUY,1,638.02
TDB_000008859,2024-09-19 22:16:18,TDB_CUST_5214938,TSLA,BUY,1,638.02
TDB_000008860,2024-09-19 22:16:18,TDB_CUST_5214938,TSLA,BUY,1,638.02
TDB_000008861,2024-09-19 22:16:18,TDB_CUST_5214938,TSLA,BUY,1,638.02
TDB_000008862,2024-09-19 22:16:18,TDB_CUST_5214938,TSLA,BUY,1,638.02
TDB_000008863,2024-09-19 22:16:18,TDB_CUST_5214938,TSLA,BUY,1,638.02
TDB_000008864,2024-09-19 22:16:18,TDB_CUST_5214938,TSLA,BUY,1,638.02
TDB_000008865,2024-09-19 22:16:18,TDB_CUST_5214938,TSLA,BUY,1,638.02
TDB_000008866,2024-09-19 22:16:18,TDB_CUST_5214938,TSLA,BUY,1,638.02
TDB_000008867,2024-09-19 22:16:18,TDB_CUST_5214938,TSLA,BUY,1,638.02
TDB_000008868,2024-09-19 22:16:18,TDB_CUST_5214938,TSLA,BUY,1,638.02
TDB_000008869,2024-09-19 22:16:18,TDB_CUST_5214938,TSLA,BUY,1,638.02
TDB_000008870,2024-09-19 22:16:18,TDB_CUST_5214938,TSLA,BUY,1,638.02
TDB_000008871,2024-09-19 22:16:18,TDB_CUST_5214938,TSLA,BUY,1,638.02
TDB_000008872,2024-09-19 22:16:18,TDB_CUST_5214938,TSLA,BUY,1,638.02
TDB_000008873,2024-09-19 22:16:18,TDB_CUST_5214938,TSLA,BUY,1,638.02
TDB_000008874,2024-09-19 22:16:18,TDB_CUST_5214938,TSLA,BUY,1,638.02
TDB_000008875,2024-09-19 22:16:18,TDB_CUST_5214938,TSLA,BUY,1,638.02
TDB_000008876,2024-09-19 22:16:18,TDB_CUST_5214938,TSLA,BUY,1,638.02
TDB_000008877,2024-09-19 22:16:18,TDB_CUST_5214938,TSLA,BUY,1,638.02
TDB_000008878,2024-09-19 22:16:18,TDB_CUST_5214938,TSLA,BUY,1,638.02
TDB_000008879,2024-09-19 22:16:18,TDB_CUST_5214938,TSLA,BUY,1,638.02
TDB_000008880,2024-09-19 22:16:18,TDB_CUST_5214938,TSLA,BUY,1,638.02
TDB_000008881,2024-09-19 22:16:18,TDB_CUST_5214938,TSLA,BUY,1,638.02
TDB_000008882,2024-09-19 22:16:18,TDB_CUST_5214938,TSLA,BUY,1,638.02
TDB_000008883,2024-09-19 22:16:18,TDB_CUST_5214938,TSLA,BUY,1,638.02
TDB_000008884,2024-09-19 22:16:18,TDB_CUST_5214938,TSLA,BUY,1,638.02
TDB_000008885,2024-09-19 22:16:18,TDB_CUST_5214938,TSLA,BUY,1,638.02
TDB_000008886,2024-09-19 22:16:18,TDB_CUST_5214938,TSLA,BUY,1,638.02
TDB_000008887,2024-09-19 22:16:18,TDB_CUST_5214938,TSLA,BUY,1,638.02
TDB_000008888,2024-09-19 22:16:18,TDB_CUST_5214938,TSLA,BUY,1,638.02
TDB_000008889,2024-09-19 22:16:18,TDB_CUST_5214938,TSLA,BUY,1,638.02
TDB_000008890,2024-09-19 22:16:18,TDB_CUST_5214938,TSLA,BUY,1,638.02
TDB_000008891,2024-09-19 22:16:18,TDB_CUST_5214938,TSLA,BUY,1,638.02
TDB_000008892,2024-09-19 22:16:18,TDB_CUST_5214938,TSLA,BUY,1,638.02
TDB_000008893,2024-09-19 22:16:18,TDB_CUST_5214938,TSLA,BUY,1,638.02
TDB_000008894,2024-09-19 22:16:18,TDB_CUST_5214938,TSLA,BUY,1,638.02
TDB_000008895,2024-09-19 22:16:18,TDB_CUST_5214938,TSLA,BUY,1,638.02
TDB_000008896,2024-09-19 22:16:18,TDB_CUST_5214938,TSLA,BUY,1,638.02
TDB_000008897,2024-09-19 22:16:18,TDB_CUST_5214938,TSLA,BUY,1,638.02
TDB_000008898,2024-09-19 22:16:18,TDB_CUST_5214938,TSLA,BUY,1,638.02
TDB_000008899,2024-09-19 22:16:18,TDB_CUST_5214938,TSLA,BUY,1,638.02
TDB_000008900,2024-09-19 22:16:18,TDB_CUST_5214938,TSLA,BUY,1,638.02
TDB_000008901,2024-09-19 22:16:18,TDB_CUST_5214938,TSLA,BUY,1,638.02
TDB_000008902,2024-09-19 22:16:18,TDB_CUST_5214938,TSLA,BUY,1,638.02
TDB_000008903,2024-09-19 22:16:18,TDB_CUST_5214938,TSLA,BUY,1,638.02
TDB_000008904,2024-09-19 22:16:18,TDB_CUST_5214938,TSLA,BUY,1,638.02
TDB_000008905,2024-09-19 22:16:18,TDB_CUST_5214938,TSLA,BUY,1,638.02
TDB_000008906,2024-09-19 22:16:18,TDB_CUST_5214938,TSLA,BUY,1,638.02
TDB_000008907,2024-09-19 22:16:18,TDB_CUST_5214938,TSLA,BUY,1,638.02
TDB_000008908,2024-09-19 22:16:18,TDB_CUST_5214938,TSLA,BUY,1,638.02
TDB_000008909,2024-09-19 22:16:18,TDB_CUST_5214938,TSLA,BUY,1,638.02
TDB_000008910,2024-09-19 22:16:18,TDB_CUST_5214938,TSLA,BUY,1,638.02
TDB_000008911,2024-09-19 22:16:18,TDB_CUST_5214938,TSLA,BUY,1,638.02
TDB_000008912,2024-09-19 22:16:18,TDB_CUST_5214938,TSLA,BUY,1,638.02
TDB_000008913,2024-09-19 22:16:18,TDB_CUST_5214938,TSLA,BUY,1,638.02
TDB_000008914,2024-09-19 22:16:18,TDB_CUST_5214938,TSLA,BUY,1,638.02
TDB_000008915,2024-09-19 22:16:18,TDB_CUST_5214938,TSLA,BUY,1,638.02
TDB_000008916,2024-09-19 22:16:18,TDB_CUST_5214938,TSLA,BUY,1,638.02
TDB_000008917,2024-09-19 22:16:18,TDB_CUST_5214938,TSLA,BUY,1,638.02
TDB_000008918,2024-09-19 22:16:18,TDB_CUST_5214938,TSLA,BUY,1,638.02
TDB_000008919,2024-09-19 22:16:18,TDB_CUST_5214938,TSLA,BUY,1,638.02
TDB_000008920,2024-09-19 22:16:18,TDB_CUST_5214938,TSLA,BUY,1,638.02
TDB_000008921,2024-09-19 22:16:18,TDB_CUST_5214938,TSLA,BUY,1,638.02
TDB_000008922,2024-09-19 22:16:18,TDB_CUST_5214938,TSLA,BUY,1,638.02
TDB_000008923,2024-09-19 22:16:18,TDB_CUST_5214938,TSLA,BUY,1,638.02
TDB_000008924,2024-09-19 22:16:18,TDB_CUST_5214938,TSLA,BUY,1,638.02
TDB_000008925,2024-09-19 22:16:18,TDB_CUST_5214938,TSLA,BUY,1,638.02
TDB_000008926,2024-09-19 22:16:18,TDB_CUST_5214938,TSLA,BUY,1,638.02
TDB_000008927,2024-09-19 22:16:18,TDB_CUST_5214938,TSLA,BUY,1,638.02
TDB_000008928,2024-09-19 22:16:18,TDB_CUST_5214938,TSLA,BUY,1,638.02
TDB_000008929,2024-09-19 22:16:18,TDB_CUST_5214938,TSLA,BUY,1,638.02
TDB_000008930,2024-09-19 22:16:18,TDB_CUST_5214938,TSLA,BUY,1,638.02
TDB_000008931,2024-09-19 22:16:18,TDB_CUST_5214938,TSLA,BUY,1,638.02
TDB_000008932,2024-09-19 22:16:18,TDB_CUST_5214938,TSLA,BUY,1,638.02
TDB_000008933,2024-09-19 22:16:18,TDB_CUST_5214938,TSLA,BUY,1,638.02
TDB_000008934,2024-09-19 22:16:18,TDB_CUST_5214938,TSLA,BUY,1,638.02
TDB_000008935,2024-09-19 22:16:18,TDB_CUST_5214938,TSLA,BUY,1,638.02
TDB_000008936,2024-09-19 22:16:18,TDB_CUST_5214938,TSLA,BUY,1,638.02
TDB_000008937,2024-09-19 22:16:18,TDB_CUST_5214938,TSLA,BUY,1,638.02
TDB_000008938,2024-09-19 22:16:18,TDB_CUST_5214938,TSLA,BUY,1,638.02
TDB_000008939,2024-09-19 22:16:18,TDB_CUST_5214938,TSLA,BUY,1,638.02
TDB_000008940,2024-09-19 22:16:18,TDB_CUST_5214938,TSLA,BUY,1,638.02
TDB_000008941,2024-09-19 22:16:18,TDB_CUST_5214938,TSLA,BUY,1,638.02
TDB_000008942,2024-09-19 22:16:18,TDB_CUST_5214938,TSLA,BUY,1,638.02
TDB_000008943,2024-09-19 22:16:18,TDB_CUST_5214938,TSLA,BUY,1,638.02
TDB_000008944,2024-09-19 22:16:18,TDB_CUST_5214938,TSLA,BUY,1,638.02
TDB_000008945,2024-09-19 22:16:18,TDB_CUST_5214938,TSLA,BUY,1,638.02
TDB_000008946,2024-09-19 22:16:18,TDB_CUST_5214938,TSLA,BUY,1,638.02
TDB_000008947,2024-09-19 22:16:18,TDB_CUST_5214938,TSLA,BUY,1,638.02
TDB_000008948,2024-09-19 22:16:18,TDB_CUST_5214938,TSLA,BUY,1,638.02
TDB_000008949,2024-09-19 22:16:18,TDB_CUST_5214938,TSLA,BUY,1,638.02
TDB_000008950,2024-09-19 22:16:18,TDB_CUST_5214938,TSLA,BUY,1,638.02
TDB_000008951,2024-09-19 22:16:18,TDB_CUST_5214938,TSLA,BUY,1,638.02
TDB_000008952,2024-09-19 22:16:18,TDB_CUST_5214938,TSLA,BUY,1,638.02
TDB_000008953,2024-09-19 22:16:18,TDB_CUST_5214938,TSLA,BUY,1,638.02
TDB_000008954,2024-09-19 22:16:18,TDB_CUST_5214938,TSLA,BUY,1,638.02
TDB_000008955,2024-09-19 22:16:18,TDB_CUST_5214938,TSLA,BUY,1,638.02
TDB_000008956,2024-09-19 22:16:18,TDB_CUST_5214938,TSLA,BUY,1,638.02
TDB_000008957,2024-09-19 22:16:18,TDB_CUST_5214938,TSLA,BUY,1,638.02
TDB_000008958,2024-09-19 22:16:18,TDB_CUST_5214938,TSLA,BUY,1,638.02
TDB_000008959,2024-09-19 22:16:18,TDB_CUST_5214938,TSLA,BUY,1,638.02
TDB_000008960,2024-09-19 22:16:18,TDB_CUST_5214938,TSLA,BUY,1,638.02
TDB_000008961,2024-09-19 22:16:18,TDB_CUST_5214938,TSLA,BUY,1,638.02
TDB_000008962,2024-09-19 22:16:18,TDB_CUST_5214938,TSLA,BUY,1,638.02
TDB_000008963,2024-09-19 22:16:18,TDB_CUST_5214938,TSLA,BUY,1,638.02
TDB_000008964,2024-09-19 22:16:18,TDB_CUST_5214938,TSLA,BUY,1,638.02
TDB_000008965,2024-09-19 22:16:18,TDB_CUST_5214938,TSLA,BUY,1,638.02
TDB_000008966,2024-09-19 22:16:18,TDB_CUST_5214938,TSLA,BUY,1,638.02
TDB_000008967,2024-09-19 22:16:18,TDB_CUST_5214938,TSLA,BUY,1,638.02
TDB_000008968,2024-09-19 22:16:18,TDB_CUST_5214938,TSLA,BUY,1,638.02
TDB_000008969,2024-09-19 22:16:18,TDB_CUST_5214938,TSLA,BUY,1,638.02
TDB_000008970,2024-09-19 22:16:18,TDB_CUST_5214938,TSLA,BUY,1,638.02
TDB_000008971,2024-09-19 22:16:18,TDB_CUST_5214938,TSLA,BUY,1,638.02
TDB_000008972,2024-09-19 22:16:18,TDB_CUST_5214938,TSLA,BUY,1,638.02
TDB_000008973,2024-09-19 22:16:18,TDB_CUST_5214938,TSLA,BUY,1,638.02
TDB_000008974,2024-09-19 22:16:18,TDB_CUST_5214938,TSLA,BUY,1,638.02
TDB_000008975,2024-09-19 22:16:18,TDB_CUST_5214938,TSLA,BUY,1,638.02
TDB_000008976,2024-09-19 22:16:18,TDB_CUST_5214938,TSLA,BUY,1,638.02
TDB_000008977,2024-09-19 22:16:18,TDB_CUST_5214938,TSLA,BUY,1,638.02
TDB_000008978,2024-09-19 22:16:18,TDB_CUST_5214938,TSLA,BUY,1,638.02
TDB_000008979,2024-09-19 22:16:18,TDB_CUST_5214938,TSLA,BUY,1,638.02
TDB_000008980,2024-09-19 22:16:18,TDB_CUST_5214938,TSLA,BUY,1,638.02
TDB_000008981,2024-09-19 22:16:18,TDB_CUST_5214938,TSLA,BUY,1,638.02
TDB_000008982,2024-09-19 22:16:18,TDB_CUST_5214938,TSLA,BUY,1,638.02
TDB_000008983,2024-09-19 22:16:18,TDB_CUST_5214938,TSLA,BUY,1,638.02
TDB_000008984,2024-09-19 22:16:18,TDB_CUST_5214938,TSLA,BUY,1,638.02
TDB_000008985,2024-09-19 22:16:18,TDB_CUST_5214938,TSLA,BUY,1,638.02
TDB_000008986,2024-09-19 22:16:18,TDB_CUST_5214938,TSLA,BUY,1,638.02
TDB_000008987,2024-09-19 22:16:18,TDB_CUST_5214938,TSLA,BUY,1,638.02
TDB_000008988,2024-09-19 22:16:18,TDB_CUST_5214938,TSLA,BUY,1,638.02
TDB_000008989,2024-09-19 22:16:18,TDB_CUST_5214938,TSLA,BUY,1,638.02
TDB_000008990,2024-09-19 22:16:18,TDB_CUST_5214938,TSLA,BUY,1,638.02
TDB_000008991,2024-09-19 22:16:18,TDB_CUST_5214938,TSLA,BUY,1,638.02
